Workbook
Name BenchTicker: Params!$B$5
Name DataEnd: Params!$B$10
Name DataStart: Params!$B$9
Name FxCurrency: Params!$B$7
Name IndexTicker: Params!$B$4
Name MembersStart: Params!$B$8
Name RfTicker: Params!$B$6
Name SwitchPB: Params!$B$15
Name SwitchROE: Params!$B$16
Name SwitchTR: Params!$B$14
Name SwitchUniverse: Params!$B$13

Sheet README
A1: STOXX Europe 600 extraction for the SFC backtest (ls_backtest)
A2: Downloads from Bloomberg the monthly data the model needs (index members, total return index, price-to-book, ROE, sectors, benchmark, risk-free rate) for every stock that was in the STOXX Europe 600 between 2005 and 2025, delisted stocks included.
A3: Before you start
A4: 1. Use a Bloomberg terminal with the Excel add-in (Bloomberg tab in the ribbon) and Microsoft 365: the Universe sheet uses dynamic array formulas (SORT, UNIQUE, FILTER).
A5: 2. First save a copy under the name SXXP_extraction.xlsx (File > Save As), outside the repository's bloomberg/ folder: that template must stay empty because it is on GitHub, while the refreshed copy holds licensed Bloomberg data.
A6: 3. Bloomberg caps the data a user can download per day and per month. The full extraction is large (about 1,500 stocks x 288 months x 3 fields): run one step per session and stop if cells show a limit message (e.g. #N/A Limit).
A7: Steps (switches and checks are in the Params sheet)
A8: Step 1 - Members (automatic on opening): index members at each of the 252 month-ends (BDS INDX_MWEIGHT_HIST). Wait until Params shows 252 months loaded.
A9: Step 2 - Universe: set the Universe switch to ON. Names and GICS sectors of every stock ever in the index (BDP).
A10: Step 3 - TR: set the TR switch to ON and wait until 'TR blocks with data' is close to 'Stocks in the universe' (delisted stocks may lack data). Save.
A11: Step 4 - PB: same with the PB switch. Save.
A12: Step 5 - ROE: same with the ROE switch. Save.
... A26: - More than 2,000 stocks (see Params): copy the last two columns of TR, PB and ROE to the right and increase the Universe row number in their row-1 formulas.

Sheet Params
A1: Parameters
A2: Edit the blue cells if needed; switch the yellow cells to ON one step at a time (README sheet).
A4: Index (membership) | B4: SXXP Index | C4: STOXX Europe 600: its historical members define the universe
A5: Benchmark | B5: SXXGR Index | C5: STOXX Europe 600 gross return in EUR (like the stocks' gross total returns); net return: SXXR Index
A6: Risk-free rate | B6: EUR001M Index | C6: 1-month Euribor, annualized, in %
A7: Currency | B7: EUR | C7: Total return indices are converted into this currency
A8: First membership month-end | B8: 38383 | C8: 252 month-ends from this date (Members sheet)
A9: Data start | B9: 37287 | C9: 3 years earlier: momentum and volatility need past prices
A10: Data end | B10: 46022 | C10: Last month-end
A12: Download switches (OFF / ON)
A13: Step 2 - Universe: names and sectors | B13: OFF | C13: Turn ON only once Members is complete (252 months loaded)
A14: Step 3 - TR: total return index | B14: OFF
A15: Step 4 - PB: price to book | B15: OFF
A16: Step 5 - ROE: return on equity | B16: OFF
A18: Checks
A19: Months loaded (expected 252) | B19: =COUNTIF(Members!$B$2:$B$153721,">=590") -> 0
A20: Stocks in the universe | B20: =COUNTIF(Universe!$B$2:$B$2001,"?*") -> 0 | C20: =IF(B20>=2000,"More stocks than slots: see README, Troubleshooting","OK: "&(2000-B20)&" free slots")
A21: TR blocks with data | B21: =COUNTIF(TR!$A$2:$EWV$2,">0") -> 0
A22: PB blocks with data | B22: =COUNTIF(PB!$A$2:$EWV$2,">0") -> 0
A23: ROE blocks with data | B23: =COUNTIF(ROE!$A$2:$EWV$2,">0") -> 0
A24: Benchmark months loaded | B24: =Benchmark!A2 -> 0
A25: Risk-free months loaded | B25: =Benchmark!C2 -> 0

Sheet Members
A1: Month-end | B1: Member | C1: Weight (%)
A2: =EOMONTH(MembersStart,0) | B2: =COUNTA(B3:B611) -> 0
B3: =BDS(IndexTicker,"INDX_MWEIGHT_HIST","END_DATE_OVERRIDE="&(YEAR($A2)*10000+MONTH($A2)*100+DAY($A2)))
A612: =EOMONTH(A2,1) | B612: =COUNTA(B613:B1221) -> 0
B613: =BDS(IndexTicker,"INDX_MWEIGHT_HIST","END_DATE_OVERRIDE="&(YEAR($A612)*10000+MONTH($A612)*100+DAY($A612)))
A1222: =EOMONTH(A612,1) | B1222: =COUNTA(B1223:B1831) -> 0
B1223: =BDS(IndexTicker,"INDX_MWEIGHT_HIST","END_DATE_OVERRIDE="&(YEAR($A1222)*10000+MONTH($A1222)*100+DAY($A1222)))
A1832: =EOMONTH(A1222,1) | B1832: =COUNTA(B1833:B2441) -> 0
B1833: =BDS(IndexTicker,"INDX_MWEIGHT_HIST","END_DATE_OVERRIDE="&(YEAR($A1832)*10000+MONTH($A1832)*100+DAY($A1832)))
A2442: =EOMONTH(A1832,1) | B2442: =COUNTA(B2443:B3051) -> 0
B2443: =BDS(IndexTicker,"INDX_MWEIGHT_HIST","END_DATE_OVERRIDE="&(YEAR($A2442)*10000+MONTH($A2442)*100+DAY($A2442)))
A3052: =EOMONTH(A2442,1) | B3052: =COUNTA(B3053:B3661) -> 0
B3053: =BDS(IndexTicker,"INDX_MWEIGHT_HIST","END_DATE_OVERRIDE="&(YEAR($A3052)*10000+MONTH($A3052)*100+DAY($A3052)))
A3662: =EOMONTH(A3052,1) | B3662: =COUNTA(B3663:B4271) -> 0
B3663: =BDS(IndexTicker,"INDX_MWEIGHT_HIST","END_DATE_OVERRIDE="&(YEAR($A3662)*10000+MONTH($A3662)*100+DAY($A3662)))
A4272: =EOMONTH(A3662,1) | B4272: =COUNTA(B4273:B4881) -> 0
B4273: =BDS(IndexTicker,"INDX_MWEIGHT_HIST","END_DATE_OVERRIDE="&(YEAR($A4272)*10000+MONTH($A4272)*100+DAY($A4272)))
A4882: =EOMONTH(A4272,1) | B4882: =COUNTA(B4883:B5491) -> 0
B4883: =BDS(IndexTicker,"INDX_MWEIGHT_HIST","END_DATE_OVERRIDE="&(YEAR($A4882)*10000+MONTH($A4882)*100+DAY($A4882)))
A5492: =EOMONTH(A4882,1) | B5492: =COUNTA(B5493:B6101) -> 0
B5493: =BDS(IndexTicker,"INDX_MWEIGHT_HIST","END_DATE_OVERRIDE="&(YEAR($A5492)*10000+MONTH($A5492)*100+DAY($A5492)))
A6102: =EOMONTH(A5492,1) | B6102: =COUNTA(B6103:B6711) -> 0
B6103: =BDS(IndexTicker,"INDX_MWEIGHT_HIST","END_DATE_OVERRIDE="&(YEAR($A6102)*10000+MONTH($A6102)*100+DAY($A6102)))
A6712: =EOMONTH(A6102,1) | B6712: =COUNTA(B6713:B7321) -> 0
B6713: =BDS(IndexTicker,"INDX_MWEIGHT_HIST","END_DATE_OVERRIDE="&(YEAR($A6712)*10000+MONTH($A6712)*100+DAY($A6712)))
A7322: =EOMONTH(A6712,1) | B7322: =COUNTA(B7323:B7931) -> 0
B7323: =BDS(IndexTicker,"INDX_MWEIGHT_HIST","END_DATE_OVERRIDE="&(YEAR($A7322)*10000+MONTH($A7322)*100+DAY($A7322)))
A7932: =EOMONTH(A7322,1) | B7932: =COUNTA(B7933:B8541) -> 0
B7933: =BDS(IndexTicker,"INDX_MWEIGHT_HIST","END_DATE_OVERRIDE="&(YEAR($A7932)*10000+MONTH($A7932)*100+DAY($A7932)))
A8542: =EOMONTH(A7932,1) | B8542: =COUNTA(B8543:B9151) -> 0
B8543: =BDS(IndexTicker,"INDX_MWEIGHT_HIST","END_DATE_OVERRIDE="&(YEAR($A8542)*10000+MONTH($A8542)*100+DAY($A8542)))
A9152: =EOMONTH(A8542,1) | B9152: =COUNTA(B9153:B9761) -> 0
B9153: =BDS(IndexTicker,"INDX_MWEIGHT_HIST","END_DATE_OVERRIDE="&(YEAR($A9152)*10000+MONTH($A9152)*100+DAY($A9152)))
A9762: =EOMONTH(A9152,1) | B9762: =COUNTA(B9763:B10371) -> 0
B9763: =BDS(IndexTicker,"INDX_MWEIGHT_HIST","END_DATE_OVERRIDE="&(YEAR($A9762)*10000+MONTH($A9762)*100+DAY($A9762)))
A10372: =EOMONTH(A9762,1) | B10372: =COUNTA(B10373:B10981) -> 0
B10373: =BDS(IndexTicker,"INDX_MWEIGHT_HIST","END_DATE_OVERRIDE="&(YEAR($A10372)*10000+MONTH($A10372)*100+DAY($A10372)))
A10982: =EOMONTH(A10372,1) | B10982: =COUNTA(B10983:B11591) -> 0
B10983: =BDS(IndexTicker,"INDX_MWEIGHT_HIST","END_DATE_OVERRIDE="&(YEAR($A10982)*10000+MONTH($A10982)*100+DAY($A10982)))
A11592: =EOMONTH(A10982,1) | B11592: =COUNTA(B11593:B12201) -> 0
B11593: =BDS(IndexTicker,"INDX_MWEIGHT_HIST","END_DATE_OVERRIDE="&(YEAR($A11592)*10000+MONTH($A11592)*100+DAY($A11592)))
A12202: =EOMONTH(A11592,1) | B12202: =COUNTA(B12203:B12811) -> 0
B12203: =BDS(IndexTicker,"INDX_MWEIGHT_HIST","END_DATE_OVERRIDE="&(YEAR($A12202)*10000+MONTH($A12202)*100+DAY($A12202)))
A12812: =EOMONTH(A12202,1) | B12812: =COUNTA(B12813:B13421) -> 0
B12813: =BDS(IndexTicker,"INDX_MWEIGHT_HIST","END_DATE_OVERRIDE="&(YEAR($A12812)*10000+MONTH($A12812)*100+DAY($A12812)))
A13422: =EOMONTH(A12812,1) | B13422: =COUNTA(B13423:B14031) -> 0
B13423: =BDS(IndexTicker,"INDX_MWEIGHT_HIST","END_DATE_OVERRIDE="&(YEAR($A13422)*10000+MONTH($A13422)*100+DAY($A13422)))
A14032: =EOMONTH(A13422,1) | B14032: =COUNTA(B14033:B14641) -> 0
B14033: =BDS(IndexTicker,"INDX_MWEIGHT_HIST","END_DATE_OVERRIDE="&(YEAR($A14032)*10000+MONTH($A14032)*100+DAY($A14032)))
A14642: =EOMONTH(A14032,1) | B14642: =COUNTA(B14643:B15251) -> 0
B14643: =BDS(IndexTicker,"INDX_MWEIGHT_HIST","END_DATE_OVERRIDE="&(YEAR($A14642)*10000+MONTH($A14642)*100+DAY($A14642)))
A15252: =EOMONTH(A14642,1) | B15252: =COUNTA(B15253:B15861) -> 0
B15253: =BDS(IndexTicker,"INDX_MWEIGHT_HIST","END_DATE_OVERRIDE="&(YEAR($A15252)*10000+MONTH($A15252)*100+DAY($A15252)))
A15862: =EOMONTH(A15252,1) | B15862: =COUNTA(B15863:B16471) -> 0
B15863: =BDS(IndexTicker,"INDX_MWEIGHT_HIST","END_DATE_OVERRIDE="&(YEAR($A15862)*10000+MONTH($A15862)*100+DAY($A15862)))
A16472: =EOMONTH(A15862,1) | B16472: =COUNTA(B16473:B17081) -> 0
B16473: =BDS(IndexTicker,"INDX_MWEIGHT_HIST","END_DATE_OVERRIDE="&(YEAR($A16472)*10000+MONTH($A16472)*100+DAY($A16472)))
A17082: =EOMONTH(A16472,1) | B17082: =COUNTA(B17083:B17691) -> 0
B17083: =BDS(IndexTicker,"INDX_MWEIGHT_HIST","END_DATE_OVERRIDE="&(YEAR($A17082)*10000+MONTH($A17082)*100+DAY($A17082)))
A17692: =EOMONTH(A17082,1) | B17692: =COUNTA(B17693:B18301) -> 0
B17693: =BDS(IndexTicker,"INDX_MWEIGHT_HIST","END_DATE_OVERRIDE="&(YEAR($A17692)*10000+MONTH($A17692)*100+DAY($A17692)))
A18302: =EOMONTH(A17692,1) | B18302: =COUNTA(B18303:B18911) -> 0
B18303: =BDS(IndexTicker,"INDX_MWEIGHT_HIST","END_DATE_OVERRIDE="&(YEAR($A18302)*10000+MONTH($A18302)*100+DAY($A18302)))
A18912: =EOMONTH(A18302,1) | B18912: =COUNTA(B18913:B19521) -> 0
B18913: =BDS(IndexTicker,"INDX_MWEIGHT_HIST","END_DATE_OVERRIDE="&(YEAR($A18912)*10000+MONTH($A18912)*100+DAY($A18912)))
A19522: =EOMONTH(A18912,1) | B19522: =COUNTA(B19523:B20131) -> 0
B19523: =BDS(IndexTicker,"INDX_MWEIGHT_HIST","END_DATE_OVERRIDE="&(YEAR($A19522)*10000+MONTH($A19522)*100+DAY($A19522)))
A20132: =EOMONTH(A19522,1) | B20132: =COUNTA(B20133:B20741) -> 0
B20133: =BDS(IndexTicker,"INDX_MWEIGHT_HIST","END_DATE_OVERRIDE="&(YEAR($A20132)*10000+MONTH($A20132)*100+DAY($A20132)))
A20742: =EOMONTH(A20132,1) | B20742: =COUNTA(B20743:B21351) -> 0
B20743: =BDS(IndexTicker,"INDX_MWEIGHT_HIST","END_DATE_OVERRIDE="&(YEAR($A20742)*10000+MONTH($A20742)*100+DAY($A20742)))
A21352: =EOMONTH(A20742,1) | B21352: =COUNTA(B21353:B21961) -> 0
B21353: =BDS(IndexTicker,"INDX_MWEIGHT_HIST","END_DATE_OVERRIDE="&(YEAR($A21352)*10000+MONTH($A21352)*100+DAY($A21352)))
A21962: =EOMONTH(A21352,1) | B21962: =COUNTA(B21963:B22571) -> 0
B21963: =BDS(IndexTicker,"INDX_MWEIGHT_HIST","END_DATE_OVERRIDE="&(YEAR($A21962)*10000+MONTH($A21962)*100+DAY($A21962)))
A22572: =EOMONTH(A21962,1) | B22572: =COUNTA(B22573:B23181) -> 0
B22573: =BDS(IndexTicker,"INDX_MWEIGHT_HIST","END_DATE_OVERRIDE="&(YEAR($A22572)*10000+MONTH($A22572)*100+DAY($A22572)))
A23182: =EOMONTH(A22572,1) | B23182: =COUNTA(B23183:B23791) -> 0
B23183: =BDS(IndexTicker,"INDX_MWEIGHT_HIST","END_DATE_OVERRIDE="&(YEAR($A23182)*10000+MONTH($A23182)*100+DAY($A23182)))
A23792: =EOMONTH(A23182,1) | B23792: =COUNTA(B23793:B24401) -> 0
B23793: =BDS(IndexTicker,"INDX_MWEIGHT_HIST","END_DATE_OVERRIDE="&(YEAR($A23792)*10000+MONTH($A23792)*100+DAY($A23792)))
A24402: =EOMONTH(A23792,1) | B24402: =COUNTA(B24403:B25011) -> 0
B24403: =BDS(IndexTicker,"INDX_MWEIGHT_HIST","END_DATE_OVERRIDE="&(YEAR($A24402)*10000+MONTH($A24402)*100+DAY($A24402)))
A25012: =EOMONTH(A24402,1) | B25012: =COUNTA(B25013:B25621) -> 0
B25013: =BDS(IndexTicker,"INDX_MWEIGHT_HIST","END_DATE_OVERRIDE="&(YEAR($A25012)*10000+MONTH($A25012)*100+DAY($A25012)))
A25622: =EOMONTH(A25012,1) | B25622: =COUNTA(B25623:B26231) -> 0
B25623: =BDS(IndexTicker,"INDX_MWEIGHT_HIST","END_DATE_OVERRIDE="&(YEAR($A25622)*10000+MONTH($A25622)*100+DAY($A25622)))
A26232: =EOMONTH(A25622,1) | B26232: =COUNTA(B26233:B26841) -> 0
B26233: =BDS(IndexTicker,"INDX_MWEIGHT_HIST","END_DATE_OVERRIDE="&(YEAR($A26232)*10000+MONTH($A26232)*100+DAY($A26232)))
A26842: =EOMONTH(A26232,1) | B26842: =COUNTA(B26843:B27451) -> 0
B26843: =BDS(IndexTicker,"INDX_MWEIGHT_HIST","END_DATE_OVERRIDE="&(YEAR($A26842)*10000+MONTH($A26842)*100+DAY($A26842)))
A27452: =EOMONTH(A26842,1) | B27452: =COUNTA(B27453:B28061) -> 0
B27453: =BDS(IndexTicker,"INDX_MWEIGHT_HIST","END_DATE_OVERRIDE="&(YEAR($A27452)*10000+MONTH($A27452)*100+DAY($A27452)))
A28062: =EOMONTH(A27452,1) | B28062: =COUNTA(B28063:B28671) -> 0
B28063: =BDS(IndexTicker,"INDX_MWEIGHT_HIST","END_DATE_OVERRIDE="&(YEAR($A28062)*10000+MONTH($A28062)*100+DAY($A28062)))
A28672: =EOMONTH(A28062,1) | B28672: =COUNTA(B28673:B29281) -> 0
B28673: =BDS(IndexTicker,"INDX_MWEIGHT_HIST","END_DATE_OVERRIDE="&(YEAR($A28672)*10000+MONTH($A28672)*100+DAY($A28672)))
A29282: =EOMONTH(A28672,1) | B29282: =COUNTA(B29283:B29891) -> 0
B29283: =BDS(IndexTicker,"INDX_MWEIGHT_HIST","END_DATE_OVERRIDE="&(YEAR($A29282)*10000+MONTH($A29282)*100+DAY($A29282)))
A29892: =EOMONTH(A29282,1) | B29892: =COUNTA(B29893:B30501) -> 0
...

Sheet Universe
A1: Member | B1: Ticker | C1: Name | D1: GICS sector
A2: {=_xlfn._xlws.SORT(_xlfn.UNIQUE(_xlfn._xlws.FILTER(Members!$B$3:$B$153721,ISTEXT(Members!$B$3:$B$153721)*(IFERROR(LEFT(Members!$B$3:$B$153721,1),"#")<>"#")*(Members!$B$3:$B$153721<>"Index Member"),"")))} | B2: =IF(TRIM(A2&"")="","",IF(RIGHT(TRIM(A2),7)=" Equity",TRIM(A2),TRIM(A2)&" Equity")) | C2: =IF(OR(SwitchUniverse<>"ON",$B2=""),"",BDP($B2,"NAME")) | D2: =IF(OR(SwitchUniverse<>"ON",$B2=""),"",BDP($B2,"GICS_SECTOR_NAME"))
B3: =IF(TRIM(A3&"")="","",IF(RIGHT(TRIM(A3),7)=" Equity",TRIM(A3),TRIM(A3)&" Equity")) | C3: =IF(OR(SwitchUniverse<>"ON",$B3=""),"",BDP($B3,"NAME")) | D3: =IF(OR(SwitchUniverse<>"ON",$B3=""),"",BDP($B3,"GICS_SECTOR_NAME"))
B4: =IF(TRIM(A4&"")="","",IF(RIGHT(TRIM(A4),7)=" Equity",TRIM(A4),TRIM(A4)&" Equity")) | C4: =IF(OR(SwitchUniverse<>"ON",$B4=""),"",BDP($B4,"NAME")) | D4: =IF(OR(SwitchUniverse<>"ON",$B4=""),"",BDP($B4,"GICS_SECTOR_NAME"))
B5: =IF(TRIM(A5&"")="","",IF(RIGHT(TRIM(A5),7)=" Equity",TRIM(A5),TRIM(A5)&" Equity")) | C5: =IF(OR(SwitchUniverse<>"ON",$B5=""),"",BDP($B5,"NAME")) | D5: =IF(OR(SwitchUniverse<>"ON",$B5=""),"",BDP($B5,"GICS_SECTOR_NAME"))
B6: =IF(TRIM(A6&"")="","",IF(RIGHT(TRIM(A6),7)=" Equity",TRIM(A6),TRIM(A6)&" Equity")) | C6: =IF(OR(SwitchUniverse<>"ON",$B6=""),"",BDP($B6,"NAME")) | D6: =IF(OR(SwitchUniverse<>"ON",$B6=""),"",BDP($B6,"GICS_SECTOR_NAME"))
B7: =IF(TRIM(A7&"")="","",IF(RIGHT(TRIM(A7),7)=" Equity",TRIM(A7),TRIM(A7)&" Equity")) | C7: =IF(OR(SwitchUniverse<>"ON",$B7=""),"",BDP($B7,"NAME")) | D7: =IF(OR(SwitchUniverse<>"ON",$B7=""),"",BDP($B7,"GICS_SECTOR_NAME"))
B8: =IF(TRIM(A8&"")="","",IF(RIGHT(TRIM(A8),7)=" Equity",TRIM(A8),TRIM(A8)&" Equity")) | C8: =IF(OR(SwitchUniverse<>"ON",$B8=""),"",BDP($B8,"NAME")) | D8: =IF(OR(SwitchUniverse<>"ON",$B8=""),"",BDP($B8,"GICS_SECTOR_NAME"))
B9: =IF(TRIM(A9&"")="","",IF(RIGHT(TRIM(A9),7)=" Equity",TRIM(A9),TRIM(A9)&" Equity")) | C9: =IF(OR(SwitchUniverse<>"ON",$B9=""),"",BDP($B9,"NAME")) | D9: =IF(OR(SwitchUniverse<>"ON",$B9=""),"",BDP($B9,"GICS_SECTOR_NAME"))
B10: =IF(TRIM(A10&"")="","",IF(RIGHT(TRIM(A10),7)=" Equity",TRIM(A10),TRIM(A10)&" Equity")) | C10: =IF(OR(SwitchUniverse<>"ON",$B10=""),"",BDP($B10,"NAME")) | D10: =IF(OR(SwitchUniverse<>"ON",$B10=""),"",BDP($B10,"GICS_SECTOR_NAME"))
B11: =IF(TRIM(A11&"")="","",IF(RIGHT(TRIM(A11),7)=" Equity",TRIM(A11),TRIM(A11)&" Equity")) | C11: =IF(OR(SwitchUniverse<>"ON",$B11=""),"",BDP($B11,"NAME")) | D11: =IF(OR(SwitchUniverse<>"ON",$B11=""),"",BDP($B11,"GICS_SECTOR_NAME"))
B12: =IF(TRIM(A12&"")="","",IF(RIGHT(TRIM(A12),7)=" Equity",TRIM(A12),TRIM(A12)&" Equity")) | C12: =IF(OR(SwitchUniverse<>"ON",$B12=""),"",BDP($B12,"NAME")) | D12: =IF(OR(SwitchUniverse<>"ON",$B12=""),"",BDP($B12,"GICS_SECTOR_NAME"))
B13: =IF(TRIM(A13&"")="","",IF(RIGHT(TRIM(A13),7)=" Equity",TRIM(A13),TRIM(A13)&" Equity")) | C13: =IF(OR(SwitchUniverse<>"ON",$B13=""),"",BDP($B13,"NAME")) | D13: =IF(OR(SwitchUniverse<>"ON",$B13=""),"",BDP($B13,"GICS_SECTOR_NAME"))
B14: =IF(TRIM(A14&"")="","",IF(RIGHT(TRIM(A14),7)=" Equity",TRIM(A14),TRIM(A14)&" Equity")) | C14: =IF(OR(SwitchUniverse<>"ON",$B14=""),"",BDP($B14,"NAME")) | D14: =IF(OR(SwitchUniverse<>"ON",$B14=""),"",BDP($B14,"GICS_SECTOR_NAME"))
... B2001: =IF(TRIM(A2001&"")="","",IF(RIGHT(TRIM(A2001),7)=" Equity",TRIM(A2001),TRIM(A2001)&" Equity")) | C2001: =IF(OR(SwitchUniverse<>"ON",$B2001=""),"",BDP($B2001,"NAME")) | D2001: =IF(OR(SwitchUniverse<>"ON",$B2001=""),"",BDP($B2001,"GICS_SECTOR_NAME"))

Sheet TR
A1: =IF(OR(SwitchTR<>"ON",Universe!$B$2=""),"",Universe!$B$2) | C1: =IF(OR(SwitchTR<>"ON",Universe!$B$3=""),"",Universe!$B$3) | E1: =IF(OR(SwitchTR<>"ON",Universe!$B$4=""),"",Universe!$B$4) | G1: =IF(OR(SwitchTR<>"ON",Universe!$B$5=""),"",Universe!$B$5) | I1: =IF(OR(SwitchTR<>"ON",Universe!$B$6=""),"",Universe!$B$6) | K1: =IF(OR(SwitchTR<>"ON",Universe!$B$7=""),"",Universe!$B$7) | M1: =IF(OR(SwitchTR<>"ON",Universe!$B$8=""),"",Universe!$B$8) | O1: =IF(OR(SwitchTR<>"ON",Universe!$B$9=""),"",Universe!$B$9) | Q1: =IF(OR(SwitchTR<>"ON",Universe!$B$10=""),"",Universe!$B$10) | S1: =IF(OR(SwitchTR<>"ON",Universe!$B$11=""),"",Universe!$B$11) | U1: =IF(OR(SwitchTR<>"ON",Universe!$B$12=""),"",Universe!$B$12) | W1: =IF(OR(SwitchTR<>"ON",Universe!$B$13=""),"",Universe!$B$13) | Y1: =IF(OR(SwitchTR<>"ON",Universe!$B$14=""),"",Universe!$B$14) | AA1: =IF(OR(SwitchTR<>"ON",Universe!$B$15=""),"",Universe!$B$15) | AC1: =IF(OR(SwitchTR<>"ON",Universe!$B$16=""),"",Universe!$B$16) | AE1: =IF(OR(SwitchTR<>"ON",Universe!$B$17=""),"",Universe!$B$17) | AG1: =IF(OR(SwitchTR<>"ON",Universe!$B$18=""),"",Universe!$B$18) | AI1: =IF(OR(SwitchTR<>"ON",Universe!$B$19=""),"",Universe!$B$19) | AK1: =IF(OR(SwitchTR<>"ON",Universe!$B$20=""),"",Universe!$B$20) | AM1: =IF(OR(SwitchTR<>"ON",Universe!$B$21=""),"",Universe!$B$21) | AO1: =IF(OR(SwitchTR<>"ON",Universe!$B$22=""),"",Universe!$B$22) | AQ1: =IF(OR(SwitchTR<>"ON",Universe!$B$23=""),"",Universe!$B$23) | AS1: =IF(OR(SwitchTR<>"ON",Universe!$B$24=""),"",Universe!$B$24) | AU1: =IF(OR(SwitchTR<>"ON",Universe!$B$25=""),"",Universe!$B$25) | AW1: =IF(OR(SwitchTR<>"ON",Universe!$B$26=""),"",Universe!$B$26) | AY1: =IF(OR(SwitchTR<>"ON",Universe!$B$27=""),"",Universe!$B$27) | BA1: =IF(OR(SwitchTR<>"ON",Universe!$B$28=""),"",Universe!$B$28) | BC1: =IF(OR(SwitchTR<>"ON",Universe!$B$29=""),"",Universe!$B$29) | BE1: =IF(OR(SwitchTR<>"ON",Universe!$B$30=""),"",Universe!$B$30) | BG1: =IF(OR(SwitchTR<>"ON",Universe!$B$31=""),"",Universe!$B$31) | BI1: =IF(OR(SwitchTR<>"ON",Universe!$B$32=""),"",Universe!$B$32) | BK1: =IF(OR(SwitchTR<>"ON",Universe!$B$33=""),"",Universe!$B$33) | BM1: =IF(OR(SwitchTR<>"ON",Universe!$B$34=""),"",Universe!$B$34) | BO1: =IF(OR(SwitchTR<>"ON",Universe!$B$35=""),"",Universe!$B$35) | BQ1: =IF(OR(SwitchTR<>"ON",Universe!$B$36=""),"",Universe!$B$36) | BS1: =IF(OR(SwitchTR<>"ON",Universe!$B$37=""),"",Universe!$B$37) | BU1: =IF(OR(SwitchTR<>"ON",Universe!$B$38=""),"",Universe!$B$38) | BW1: =IF(OR(SwitchTR<>"ON",Universe!$B$39=""),"",Universe!$B$39) | BY1: =IF(OR(SwitchTR<>"ON",Universe!$B$40=""),"",Universe!$B$40) | CA1: =IF(OR(SwitchTR<>"ON",Universe!$B$41=""),"",Universe!$B$41) | CC1: =IF(OR(SwitchTR<>"ON",Universe!$B$42=""),"",Universe!$B$42) | CE1: =IF(OR(SwitchTR<>"ON",Universe!$B$43=""),"",Universe!$B$43) | CG1: =IF(OR(SwitchTR<>"ON",Universe!$B$44=""),"",Universe!$B$44) | CI1: =IF(OR(SwitchTR<>"ON",Universe!$B$45=""),"",Universe!$B$45) | CK1: =IF(OR(SwitchTR<>"ON",Universe!$B$46=""),"",Universe!$B$46) | CM1: =IF(OR(SwitchTR<>"ON",Universe!$B$47=""),"",Universe!$B$47) | CO1: =IF(OR(SwitchTR<>"ON",Universe!$B$48=""),"",Universe!$B$48) | CQ1: =IF(OR(SwitchTR<>"ON",Universe!$B$49=""),"",Universe!$B$49) | CS1: =IF(OR(SwitchTR<>"ON",Universe!$B$50=""),"",Universe!$B$50) | CU1: =IF(OR(SwitchTR<>"ON",Universe!$B$51=""),"",Universe!$B$51) | CW1: =IF(OR(SwitchTR<>"ON",Universe!$B$52=""),"",Universe!$B$52) | CY1: =IF(OR(SwitchTR<>"ON",Universe!$B$53=""),"",Universe!$B$53) | DA1: =IF(OR(SwitchTR<>"ON",Universe!$B$54=""),"",Universe!$B$54) | DC1: =IF(OR(SwitchTR<>"ON",Universe!$B$55=""),"",Universe!$B$55) | DE1: =IF(OR(SwitchTR<>"ON",Universe!$B$56=""),"",Universe!$B$56) | DG1: =IF(OR(SwitchTR<>"ON",Universe!$B$57=""),"",Universe!$B$57) | DI1: =IF(OR(SwitchTR<>"ON",Universe!$B$58=""),"",Universe!$B$58) | DK1: =IF(OR(SwitchTR<>"ON",Universe!$B$59=""),"",Universe!$B$59) | DM1: =IF(OR(SwitchTR<>"ON",Universe!$B$60=""),"",Universe!$B$60) | DO1: =IF(OR(SwitchTR<>"ON",Universe!$B$61=""),"",Universe!$B$61) | DQ1: =IF(OR(SwitchTR<>"ON",Universe!$B$62=""),"",Universe!$B$62) | DS1: =IF(OR(SwitchTR<>"ON",Universe!$B$63=""),"",Universe!$B$63) | DU1: =IF(OR(SwitchTR<>"ON",Universe!$B$64=""),"",Universe!$B$64) | DW1: =IF(OR(SwitchTR<>"ON",Universe!$B$65=""),"",Universe!$B$65) | DY1: =IF(OR(SwitchTR<>"ON",Universe!$B$66=""),"",Universe!$B$66) | EA1: =IF(OR(SwitchTR<>"ON",Universe!$B$67=""),"",Universe!$B$67) | EC1: =IF(OR(SwitchTR<>"ON",Universe!$B$68=""),"",Universe!$B$68) | EE1: =IF(OR(SwitchTR<>"ON",Universe!$B$69=""),"",Universe!$B$69) | EG1: =IF(OR(SwitchTR<>"ON",Universe!$B$70=""),"",Universe!$B$70) | EI1: =IF(OR(SwitchTR<>"ON",Universe!$B$71=""),"",Universe!$B$71) | EK1: =IF(OR(SwitchTR<>"ON",Universe!$B$72=""),"",Universe!$B$72) | EM1: =IF(OR(SwitchTR<>"ON",Universe!$B$73=""),"",Universe!$B$73) | EO1: =IF(OR(SwitchTR<>"ON",Universe!$B$74=""),"",Universe!$B$74) | EQ1: =IF(OR(SwitchTR<>"ON",Universe!$B$75=""),"",Universe!$B$75) | ES1: =IF(OR(SwitchTR<>"ON",Universe!$B$76=""),"",Universe!$B$76) | EU1: =IF(OR(SwitchTR<>"ON",Universe!$B$77=""),"",Universe!$B$77) | EW1: =IF(OR(SwitchTR<>"ON",Universe!$B$78=""),"",Universe!$B$78) | EY1: =IF(OR(SwitchTR<>"ON",Universe!$B$79=""),"",Universe!$B$79) | FA1: =IF(OR(SwitchTR<>"ON",Universe!$B$80=""),"",Universe!$B$80) | FC1: =IF(OR(SwitchTR<>"ON",Universe!$B$81=""),"",Universe!$B$81) | FE1: =IF(OR(SwitchTR<>"ON",Universe!$B$82=""),"",Universe!$B$82) | FG1: =IF(OR(SwitchTR<>"ON",Universe!$B$83=""),"",Universe!$B$83) | FI1: =IF(OR(SwitchTR<>"ON",Universe!$B$84=""),"",Universe!$B$84) | FK1: =IF(OR(SwitchTR<>"ON",Universe!$B$85=""),"",Universe!$B$85) | FM1: =IF(OR(SwitchTR<>"ON",Universe!$B$86=""),"",Universe!$B$86) | FO1: =IF(OR(SwitchTR<>"ON",Universe!$B$87=""),"",Universe!$B$87) | FQ1: =IF(OR(SwitchTR<>"ON",Universe!$B$88=""),"",Universe!$B$88) | FS1: =IF(OR(SwitchTR<>"ON",Universe!$B$89=""),"",Universe!$B$89) | FU1: =IF(OR(SwitchTR<>"ON",Universe!$B$90=""),"",Universe!$B$90) | FW1: =IF(OR(SwitchTR<>"ON",Universe!$B$91=""),"",Universe!$B$91) | FY1: =IF(OR(SwitchTR<>"ON",Universe!$B$92=""),"",Universe!$B$92) | GA1: =IF(OR(SwitchTR<>"ON",Universe!$B$93=""),"",Universe!$B$93) | GC1: =IF(OR(SwitchTR<>"ON",Universe!$B$94=""),"",Universe!$B$94) | GE1: =IF(OR(SwitchTR<>"ON",Universe!$B$95=""),"",Universe!$B$95) | GG1: =IF(OR(SwitchTR<>"ON",Universe!$B$96=""),"",Universe!$B$96) | GI1: =IF(OR(SwitchTR<>"ON",Universe!$B$97=""),"",Universe!$B$97) | GK1: =IF(OR(SwitchTR<>"ON",Universe!$B$98=""),"",Universe!$B$98) | GM1: =IF(OR(SwitchTR<>"ON",Universe!$B$99=""),"",Universe!$B$99) | GO1: =IF(OR(SwitchTR<>"ON",Universe!$B$100=""),"",Universe!$B$100) | GQ1: =IF(OR(SwitchTR<>"ON",Universe!$B$101=""),"",Universe!$B$101) | GS1: =IF(OR(SwitchTR<>"ON",Universe!$B$102=""),"",Universe!$B$102) | GU1: =IF(OR(SwitchTR<>"ON",Universe!$B$103=""),"",Universe!$B$103) | GW1: =IF(OR(SwitchTR<>"ON",Universe!$B$104=""),"",Universe!$B$104) | GY1: =IF(OR(SwitchTR<>"ON",Universe!$B$105=""),"",Universe!$B$105) | HA1: =IF(OR(SwitchTR<>"ON",Universe!$B$106=""),"",Universe!$B$106) | HC1: =IF(OR(SwitchTR<>"ON",Universe!$B$107=""),"",Universe!$B$107) | HE1: =IF(OR(SwitchTR<>"ON",Universe!$B$108=""),"",Universe!$B$108) | HG1: =IF(OR(SwitchTR<>"ON",Universe!$B$109=""),"",Universe!$B$109) | HI1: =IF(OR(SwitchTR<>"ON",Universe!$B$110=""),"",Universe!$B$110) | HK1: =IF(OR(SwitchTR<>"ON",Universe!$B$111=""),"",Universe!$B$111) | HM1: =IF(OR(SwitchTR<>"ON",Universe!$B$112=""),"",Universe!$B$112) | HO1: =IF(OR(SwitchTR<>"ON",Universe!$B$113=""),"",Universe!$B$113) | HQ1: =IF(OR(SwitchTR<>"ON",Universe!$B$114=""),"",Universe!$B$114) | HS1: =IF(OR(SwitchTR<>"ON",Universe!$B$115=""),"",Universe!$B$115) | HU1: =IF(OR(SwitchTR<>"ON",Universe!$B$116=""),"",Universe!$B$116) | HW1: =IF(OR(SwitchTR<>"ON",Universe!$B$117=""),"",Universe!$B$117) | HY1: =IF(OR(SwitchTR<>"ON",Universe!$B$118=""),"",Universe!$B$118) | IA1: =IF(OR(SwitchTR<>"ON",Universe!$B$119=""),"",Universe!$B$119) | IC1: =IF(OR(SwitchTR<>"ON",Universe!$B$120=""),"",Universe!$B$120) | IE1: =IF(OR(SwitchTR<>"ON",Universe!$B$121=""),"",Universe!$B$121) | IG1: =IF(OR(SwitchTR<>"ON",Universe!$B$122=""),"",Universe!$B$122) | II1: =IF(OR(SwitchTR<>"ON",Universe!$B$123=""),"",Universe!$B$123) | IK1: =IF(OR(SwitchTR<>"ON",Universe!$B$124=""),"",Universe!$B$124) | IM1: =IF(OR(SwitchTR<>"ON",Universe!$B$125=""),"",Universe!$B$125) | IO1: =IF(OR(SwitchTR<>"ON",Universe!$B$126=""),"",Universe!$B$126) | IQ1: =IF(OR(SwitchTR<>"ON",Universe!$B$127=""),"",Universe!$B$127) | IS1: =IF(OR(SwitchTR<>"ON",Universe!$B$128=""),"",Universe!$B$128) | IU1: =IF(OR(SwitchTR<>"ON",Universe!$B$129=""),"",Universe!$B$129) | IW1: =IF(OR(SwitchTR<>"ON",Universe!$B$130=""),"",Universe!$B$130) | IY1: =IF(OR(SwitchTR<>"ON",Universe!$B$131=""),"",Universe!$B$131) | JA1: =IF(OR(SwitchTR<>"ON",Universe!$B$132=""),"",Universe!$B$132) | JC1: =IF(OR(SwitchTR<>"ON",Universe!$B$133=""),"",Universe!$B$133) | JE1: =IF(OR(SwitchTR<>"ON",Universe!$B$134=""),"",Universe!$B$134) | JG1: =IF(OR(SwitchTR<>"ON",Universe!$B$135=""),"",Universe!$B$135) | JI1: =IF(OR(SwitchTR<>"ON",Universe!$B$136=""),"",Universe!$B$136) | JK1: =IF(OR(SwitchTR<>"ON",Universe!$B$137=""),"",Universe!$B$137) | JM1: =IF(OR(SwitchTR<>"ON",Universe!$B$138=""),"",Universe!$B$138) | JO1: =IF(OR(SwitchTR<>"ON",Universe!$B$139=""),"",Universe!$B$139) | JQ1: =IF(OR(SwitchTR<>"ON",Universe!$B$140=""),"",Universe!$B$140) | JS1: =IF(OR(SwitchTR<>"ON",Universe!$B$141=""),"",Universe!$B$141) | JU1: =IF(OR(SwitchTR<>"ON",Universe!$B$142=""),"",Universe!$B$142) | JW1: =IF(OR(SwitchTR<>"ON",Universe!$B$143=""),"",Universe!$B$143) | JY1: =IF(OR(SwitchTR<>"ON",Universe!$B$144=""),"",Universe!$B$144) | KA1: =IF(OR(SwitchTR<>"ON",Universe!$B$145=""),"",Universe!$B$145) | KC1: =IF(OR(SwitchTR<>"ON",Universe!$B$146=""),"",Universe!$B$146) | KE1: =IF(OR(SwitchTR<>"ON",Universe!$B$147=""),"",Universe!$B$147) | KG1: =IF(OR(SwitchTR<>"ON",Universe!$B$148=""),"",Universe!$B$148) | KI1: =IF(OR(SwitchTR<>"ON",Universe!$B$149=""),"",Universe!$B$149) | KK1: =IF(OR(SwitchTR<>"ON",Universe!$B$150=""),"",Universe!$B$150) | KM1: =IF(OR(SwitchTR<>"ON",Universe!$B$151=""),"",Universe!$B$151) | KO1: =IF(OR(SwitchTR<>"ON",Universe!$B$152=""),"",Universe!$B$152) | KQ1: =IF(OR(SwitchTR<>"ON",Universe!$B$153=""),"",Universe!$B$153) | KS1: =IF(OR(SwitchTR<>"ON",Universe!$B$154=""),"",Universe!$B$154) | KU1: =IF(OR(SwitchTR<>"ON",Universe!$B$155=""),"",Universe!$B$155) | KW1: =IF(OR(SwitchTR<>"ON",Universe!$B$156=""),"",Universe!$B$156) | KY1: =IF(OR(SwitchTR<>"ON",Universe!$B$157=""),"",Universe!$B$157) | LA1: =IF(OR(SwitchTR<>"ON",Universe!$B$158=""),"",Universe!$B$158) | LC1: =IF(OR(SwitchTR<>"ON",Universe!$B$159=""),"",Universe!$B$159) | LE1: =IF(OR(SwitchTR<>"ON",Universe!$B$160=""),"",Universe!$B$160) | LG1: =IF(OR(SwitchTR<>"ON",Universe!$B$161=""),"",Universe!$B$161) | LI1: =IF(OR(SwitchTR<>"ON",Universe!$B$162=""),"",Universe!$B$162) | LK1: =IF(OR(SwitchTR<>"ON",Universe!$B$163=""),"",Universe!$B$163) | LM1: =IF(OR(SwitchTR<>"ON",Universe!$B$164=""),"",Universe!$B$164) | LO1: =IF(OR(SwitchTR<>"ON",Universe!$B$165=""),"",Universe!$B$165) | LQ1: =IF(OR(SwitchTR<>"ON",Universe!$B$166=""),"",Universe!$B$166) | LS1: =IF(OR(SwitchTR<>"ON",Universe!$B$167=""),"",Universe!$B$167) | LU1: =IF(OR(SwitchTR<>"ON",Universe!$B$168=""),"",Universe!$B$168) | LW1: =IF(OR(SwitchTR<>"ON",Universe!$B$169=""),"",Universe!$B$169) | LY1: =IF(OR(SwitchTR<>"ON",Universe!$B$170=""),"",Universe!$B$170) | MA1: =IF(OR(SwitchTR<>"ON",Universe!$B$171=""),"",Universe!$B$171) | MC1: =IF(OR(SwitchTR<>"ON",Universe!$B$172=""),"",Universe!$B$172) | ME1: =IF(OR(SwitchTR<>"ON",Universe!$B$173=""),"",Universe!$B$173) | MG1: =IF(OR(SwitchTR<>"ON",Universe!$B$174=""),"",Universe!$B$174) | MI1: =IF(OR(SwitchTR<>"ON",Universe!$B$175=""),"",Universe!$B$175) | MK1: =IF(OR(SwitchTR<>"ON",Universe!$B$176=""),"",Universe!$B$176) | MM1: =IF(OR(SwitchTR<>"ON",Universe!$B$177=""),"",Universe!$B$177) | MO1: =IF(OR(SwitchTR<>"ON",Universe!$B$178=""),"",Universe!$B$178) | MQ1: =IF(OR(SwitchTR<>"ON",Universe!$B$179=""),"",Universe!$B$179) | MS1: =IF(OR(SwitchTR<>"ON",Universe!$B$180=""),"",Universe!$B$180) | MU1: =IF(OR(SwitchTR<>"ON",Universe!$B$181=""),"",Universe!$B$181) | MW1: =IF(OR(SwitchTR<>"ON",Universe!$B$182=""),"",Universe!$B$182) | MY1: =IF(OR(SwitchTR<>"ON",Universe!$B$183=""),"",Universe!$B$183) | NA1: =IF(OR(SwitchTR<>"ON",Universe!$B$184=""),"",Universe!$B$184) | NC1: =IF(OR(SwitchTR<>"ON",Universe!$B$185=""),"",Universe!$B$185) | NE1: =IF(OR(SwitchTR<>"ON",Universe!$B$186=""),"",Universe!$B$186) | NG1: =IF(OR(SwitchTR<>"ON",Universe!$B$187=""),"",Universe!$B$187) | NI1: =IF(OR(SwitchTR<>"ON",Universe!$B$188=""),"",Universe!$B$188) | NK1: =IF(OR(SwitchTR<>"ON",Universe!$B$189=""),"",Universe!$B$189) | NM1: =IF(OR(SwitchTR<>"ON",Universe!$B$190=""),"",Universe!$B$190) | NO1: =IF(OR(SwitchTR<>"ON",Universe!$B$191=""),"",Universe!$B$191) | NQ1: =IF(OR(SwitchTR<>"ON",Universe!$B$192=""),"",Universe!$B$192) | NS1: =IF(OR(SwitchTR<>"ON",Universe!$B$193=""),"",Universe!$B$193) | NU1: =IF(OR(SwitchTR<>"ON",Universe!$B$194=""),"",Universe!$B$194) | NW1: =IF(OR(SwitchTR<>"ON",Universe!$B$195=""),"",Universe!$B$195) | NY1: =IF(OR(SwitchTR<>"ON",Universe!$B$196=""),"",Universe!$B$196) | OA1: =IF(OR(SwitchTR<>"ON",Universe!$B$197=""),"",Universe!$B$197) | OC1: =IF(OR(SwitchTR<>"ON",Universe!$B$198=""),"",Universe!$B$198) | OE1: =IF(OR(SwitchTR<>"ON",Universe!$B$199=""),"",Universe!$B$199) | OG1: =IF(OR(SwitchTR<>"ON",Universe!$B$200=""),"",Universe!$B$200) | OI1: =IF(OR(SwitchTR<>"ON",Universe!$B$201=""),"",Universe!$B$201) | OK1: =IF(OR(SwitchTR<>"ON",Universe!$B$202=""),"",Universe!$B$202) | OM1: =IF(OR(SwitchTR<>"ON",Universe!$B$203=""),"",Universe!$B$203) | OO1: =IF(OR(SwitchTR<>"ON",Universe!$B$204=""),"",Universe!$B$204) | OQ1: =IF(OR(SwitchTR<>"ON",Universe!$B$205=""),"",Universe!$B$205) | OS1: =IF(OR(SwitchTR<>"ON",Universe!$B$206=""),"",Universe!$B$206) | OU1: =IF(OR(SwitchTR<>"ON",Universe!$B$207=""),"",Universe!$B$207) | OW1: =IF(OR(SwitchTR<>"ON",Universe!$B$208=""),"",Universe!$B$208) | OY1: =IF(OR(SwitchTR<>"ON",Universe!$B$209=""),"",Universe!$B$209) | PA1: =IF(OR(SwitchTR<>"ON",Universe!$B$210=""),"",Universe!$B$210) | PC1: =IF(OR(SwitchTR<>"ON",Universe!$B$211=""),"",Universe!$B$211) | PE1: =IF(OR(SwitchTR<>"ON",Universe!$B$212=""),"",Universe!$B$212) | PG1: =IF(OR(SwitchTR<>"ON",Universe!$B$213=""),"",Universe!$B$213) | PI1: =IF(OR(SwitchTR<>"ON",Universe!$B$214=""),"",Universe!$B$214) | PK1: =IF(OR(SwitchTR<>"ON",Universe!$B$215=""),"",Universe!$B$215) | PM1: =IF(OR(SwitchTR<>"ON",Universe!$B$216=""),"",Universe!$B$216) | PO1: =IF(OR(SwitchTR<>"ON",Universe!$B$217=""),"",Universe!$B$217) | PQ1: =IF(OR(SwitchTR<>"ON",Universe!$B$218=""),"",Universe!$B$218) | PS1: =IF(OR(SwitchTR<>"ON",Universe!$B$219=""),"",Universe!$B$219) | PU1: =IF(OR(SwitchTR<>"ON",Universe!$B$220=""),"",Universe!$B$220) | PW1: =IF(OR(SwitchTR<>"ON",Universe!$B$221=""),"",Universe!$B$221) | PY1: =IF(OR(SwitchTR<>"ON",Universe!$B$222=""),"",Universe!$B$222) | QA1: =IF(OR(SwitchTR<>"ON",Universe!$B$223=""),"",Universe!$B$223) | QC1: =IF(OR(SwitchTR<>"ON",Universe!$B$224=""),"",Universe!$B$224) | QE1: =IF(OR(SwitchTR<>"ON",Universe!$B$225=""),"",Universe!$B$225) | QG1: =IF(OR(SwitchTR<>"ON",Universe!$B$226=""),"",Universe!$B$226) | QI1: =IF(OR(SwitchTR<>"ON",Universe!$B$227=""),"",Universe!$B$227) | QK1: =IF(OR(SwitchTR<>"ON",Universe!$B$228=""),"",Universe!$B$228) | QM1: =IF(OR(SwitchTR<>"ON",Universe!$B$229=""),"",Universe!$B$229) | QO1: =IF(OR(SwitchTR<>"ON",Universe!$B$230=""),"",Universe!$B$230) | QQ1: =IF(OR(SwitchTR<>"ON",Universe!$B$231=""),"",Universe!$B$231) | QS1: =IF(OR(SwitchTR<>"ON",Universe!$B$232=""),"",Universe!$B$232) | QU1: =IF(OR(SwitchTR<>"ON",Universe!$B$233=""),"",Universe!$B$233) | QW1: =IF(OR(SwitchTR<>"ON",Universe!$B$234=""),"",Universe!$B$234) | QY1: =IF(OR(SwitchTR<>"ON",Universe!$B$235=""),"",Universe!$B$235) | RA1: =IF(OR(SwitchTR<>"ON",Universe!$B$236=""),"",Universe!$B$236) | RC1: =IF(OR(SwitchTR<>"ON",Universe!$B$237=""),"",Universe!$B$237) | RE1: =IF(OR(SwitchTR<>"ON",Universe!$B$238=""),"",Universe!$B$238) | RG1: =IF(OR(SwitchTR<>"ON",Universe!$B$239=""),"",Universe!$B$239) | RI1: =IF(OR(SwitchTR<>"ON",Universe!$B$240=""),"",Universe!$B$240) | RK1: =IF(OR(SwitchTR<>"ON",Universe!$B$241=""),"",Universe!$B$241) | RM1: =IF(OR(SwitchTR<>"ON",Universe!$B$242=""),"",Universe!$B$242) | RO1: =IF(OR(SwitchTR<>"ON",Universe!$B$243=""),"",Universe!$B$243) | RQ1: =IF(OR(SwitchTR<>"ON",Universe!$B$244=""),"",Universe!$B$244) | RS1: =IF(OR(SwitchTR<>"ON",Universe!$B$245=""),"",Universe!$B$245) | RU1: =IF(OR(SwitchTR<>"ON",Universe!$B$246=""),"",Universe!$B$246) | RW1: =IF(OR(SwitchTR<>"ON",Universe!$B$247=""),"",Universe!$B$247) | RY1: =IF(OR(SwitchTR<>"ON",Universe!$B$248=""),"",Universe!$B$248) | SA1: =IF(OR(SwitchTR<>"ON",Universe!$B$249=""),"",Universe!$B$249) | SC1: =IF(OR(SwitchTR<>"ON",Universe!$B$250=""),"",Universe!$B$250) | SE1: =IF(OR(SwitchTR<>"ON",Universe!$B$251=""),"",Universe!$B$251) | SG1: =IF(OR(SwitchTR<>"ON",Universe!$B$252=""),"",Universe!$B$252) | SI1: =IF(OR(SwitchTR<>"ON",Universe!$B$253=""),"",Universe!$B$253) | SK1: =IF(OR(SwitchTR<>"ON",Universe!$B$254=""),"",Universe!$B$254) | SM1: =IF(OR(SwitchTR<>"ON",Universe!$B$255=""),"",Universe!$B$255) | SO1: =IF(OR(SwitchTR<>"ON",Universe!$B$256=""),"",Universe!$B$256) | SQ1: =IF(OR(SwitchTR<>"ON",Universe!$B$257=""),"",Universe!$B$257) | SS1: =IF(OR(SwitchTR<>"ON",Universe!$B$258=""),"",Universe!$B$258) | SU1: =IF(OR(SwitchTR<>"ON",Universe!$B$259=""),"",Universe!$B$259) | SW1: =IF(OR(SwitchTR<>"ON",Universe!$B$260=""),"",Universe!$B$260) | SY1: =IF(OR(SwitchTR<>"ON",Universe!$B$261=""),"",Universe!$B$261) | TA1: =IF(OR(SwitchTR<>"ON",Universe!$B$262=""),"",Universe!$B$262) | TC1: =IF(OR(SwitchTR<>"ON",Universe!$B$263=""),"",Universe!$B$263) | TE1: =IF(OR(SwitchTR<>"ON",Universe!$B$264=""),"",Universe!$B$264) | TG1: =IF(OR(SwitchTR<>"ON",Universe!$B$265=""),"",Universe!$B$265) | TI1: =IF(OR(SwitchTR<>"ON",Universe!$B$266=""),"",Universe!$B$266) | TK1: =IF(OR(SwitchTR<>"ON",Universe!$B$267=""),"",Universe!$B$267) | TM1: =IF(OR(SwitchTR<>"ON",Universe!$B$268=""),"",Universe!$B$268) | TO1: =IF(OR(SwitchTR<>"ON",Universe!$B$269=""),"",Universe!$B$269) | TQ1: =IF(OR(SwitchTR<>"ON",Universe!$B$270=""),"",Universe!$B$270) | TS1: =IF(OR(SwitchTR<>"ON",Universe!$B$271=""),"",Universe!$B$271) | TU1: =IF(OR(SwitchTR<>"ON",Universe!$B$272=""),"",Universe!$B$272) | TW1: =IF(OR(SwitchTR<>"ON",Universe!$B$273=""),"",Universe!$B$273) | TY1: =IF(OR(SwitchTR<>"ON",Universe!$B$274=""),"",Universe!$B$274) | UA1: =IF(OR(SwitchTR<>"ON",Universe!$B$275=""),"",Universe!$B$275) | UC1: =IF(OR(SwitchTR<>"ON",Universe!$B$276=""),"",Universe!$B$276) | UE1: =IF(OR(SwitchTR<>"ON",Universe!$B$277=""),"",Universe!$B$277) | UG1: =IF(OR(SwitchTR<>"ON",Universe!$B$278=""),"",Universe!$B$278) | UI1: =IF(OR(SwitchTR<>"ON",Universe!$B$279=""),"",Universe!$B$279) | UK1: =IF(OR(SwitchTR<>"ON",Universe!$B$280=""),"",Universe!$B$280) | UM1: =IF(OR(SwitchTR<>"ON",Universe!$B$281=""),"",Universe!$B$281) | UO1: =IF(OR(SwitchTR<>"ON",Universe!$B$282=""),"",Universe!$B$282) | UQ1: =IF(OR(SwitchTR<>"ON",Universe!$B$283=""),"",Universe!$B$283) | US1: =IF(OR(SwitchTR<>"ON",Universe!$B$284=""),"",Universe!$B$284) | UU1: =IF(OR(SwitchTR<>"ON",Universe!$B$285=""),"",Universe!$B$285) | UW1: =IF(OR(SwitchTR<>"ON",Universe!$B$286=""),"",Universe!$B$286) | UY1: =IF(OR(SwitchTR<>"ON",Universe!$B$287=""),"",Universe!$B$287) | VA1: =IF(OR(SwitchTR<>"ON",Universe!$B$288=""),"",Universe!$B$288) | VC1: =IF(OR(SwitchTR<>"ON",Universe!$B$289=""),"",Universe!$B$289) | VE1: =IF(OR(SwitchTR<>"ON",Universe!$B$290=""),"",Universe!$B$290) | VG1: =IF(OR(SwitchTR<>"ON",Universe!$B$291=""),"",Universe!$B$291) | VI1: =IF(OR(SwitchTR<>"ON",Universe!$B$292=""),"",Universe!$B$292) | VK1: =IF(OR(SwitchTR<>"ON",Universe!$B$293=""),"",Universe!$B$293) | VM1: =IF(OR(SwitchTR<>"ON",Universe!$B$294=""),"",Universe!$B$294) | VO1: =IF(OR(SwitchTR<>"ON",Universe!$B$295=""),"",Universe!$B$295) | VQ1: =IF(OR(SwitchTR<>"ON",Universe!$B$296=""),"",Universe!$B$296) | VS1: =IF(OR(SwitchTR<>"ON",Universe!$B$297=""),"",Universe!$B$297) | VU1: =IF(OR(SwitchTR<>"ON",Universe!$B$298=""),"",Universe!$B$298) | VW1: =IF(OR(SwitchTR<>"ON",Universe!$B$299=""),"",Universe!$B$299) | VY1: =IF(OR(SwitchTR<>"ON",Universe!$B$300=""),"",Universe!$B$300) | WA1: =IF(OR(SwitchTR<>"ON",Universe!$B$301=""),"",Universe!$B$301) | WC1: =IF(OR(SwitchTR<>"ON",Universe!$B$302=""),"",Universe!$B$302) | WE1: =IF(OR(SwitchTR<>"ON",Universe!$B$303=""),"",Universe!$B$303) | WG1: =IF(OR(SwitchTR<>"ON",Universe!$B$304=""),"",Universe!$B$304) | WI1: =IF(OR(SwitchTR<>"ON",Universe!$B$305=""),"",Universe!$B$305) | WK1: =IF(OR(SwitchTR<>"ON",Universe!$B$306=""),"",Universe!$B$306) | WM1: =IF(OR(SwitchTR<>"ON",Universe!$B$307=""),"",Universe!$B$307) | WO1: =IF(OR(SwitchTR<>"ON",Universe!$B$308=""),"",Universe!$B$308) | WQ1: =IF(OR(SwitchTR<>"ON",Universe!$B$309=""),"",Universe!$B$309) | WS1: =IF(OR(SwitchTR<>"ON",Universe!$B$310=""),"",Universe!$B$310) | WU1: =IF(OR(SwitchTR<>"ON",Universe!$B$311=""),"",Universe!$B$311) | WW1: =IF(OR(SwitchTR<>"ON",Universe!$B$312=""),"",Universe!$B$312) | WY1: =IF(OR(SwitchTR<>"ON",Universe!$B$313=""),"",Universe!$B$313) | XA1: =IF(OR(SwitchTR<>"ON",Universe!$B$314=""),"",Universe!$B$314) | XC1: =IF(OR(SwitchTR<>"ON",Universe!$B$315=""),"",Universe!$B$315) | XE1: =IF(OR(SwitchTR<>"ON",Universe!$B$316=""),"",Universe!$B$316) | XG1: =IF(OR(SwitchTR<>"ON",Universe!$B$317=""),"",Universe!$B$317) | XI1: =IF(OR(SwitchTR<>"ON",Universe!$B$318=""),"",Universe!$B$318) | XK1: =IF(OR(SwitchTR<>"ON",Universe!$B$319=""),"",Universe!$B$319) | XM1: =IF(OR(SwitchTR<>"ON",Universe!$B$320=""),"",Universe!$B$320) | XO1: =IF(OR(SwitchTR<>"ON",Universe!$B$321=""),"",Universe!$B$321) | XQ1: =IF(OR(SwitchTR<>"ON",Universe!$B$322=""),"",Universe!$B$322) | XS1: =IF(OR(SwitchTR<>"ON",Universe!$B$323=""),"",Universe!$B$323) | XU1: =IF(OR(SwitchTR<>"ON",Universe!$B$324=""),"",Universe!$B$324) | XW1: =IF(OR(SwitchTR<>"ON",Universe!$B$325=""),"",Universe!$B$325) | XY1: =IF(OR(SwitchTR<>"ON",Universe!$B$326=""),"",Universe!$B$326) | YA1: =IF(OR(SwitchTR<>"ON",Universe!$B$327=""),"",Universe!$B$327) | YC1: =IF(OR(SwitchTR<>"ON",Universe!$B$328=""),"",Universe!$B$328) | YE1: =IF(OR(SwitchTR<>"ON",Universe!$B$329=""),"",Universe!$B$329) | YG1: =IF(OR(SwitchTR<>"ON",Universe!$B$330=""),"",Universe!$B$330) | YI1: =IF(OR(SwitchTR<>"ON",Universe!$B$331=""),"",Universe!$B$331) | YK1: =IF(OR(SwitchTR<>"ON",Universe!$B$332=""),"",Universe!$B$332) | YM1: =IF(OR(SwitchTR<>"ON",Universe!$B$333=""),"",Universe!$B$333) | YO1: =IF(OR(SwitchTR<>"ON",Universe!$B$334=""),"",Universe!$B$334) | YQ1: =IF(OR(SwitchTR<>"ON",Universe!$B$335=""),"",Universe!$B$335) | YS1: =IF(OR(SwitchTR<>"ON",Universe!$B$336=""),"",Universe!$B$336) | YU1: =IF(OR(SwitchTR<>"ON",Universe!$B$337=""),"",Universe!$B$337) | YW1: =IF(OR(SwitchTR<>"ON",Universe!$B$338=""),"",Universe!$B$338) | YY1: =IF(OR(SwitchTR<>"ON",Universe!$B$339=""),"",Universe!$B$339) | ZA1: =IF(OR(SwitchTR<>"ON",Universe!$B$340=""),"",Universe!$B$340) | ZC1: =IF(OR(SwitchTR<>"ON",Universe!$B$341=""),"",Universe!$B$341) | ZE1: =IF(OR(SwitchTR<>"ON",Universe!$B$342=""),"",Universe!$B$342) | ZG1: =IF(OR(SwitchTR<>"ON",Universe!$B$343=""),"",Universe!$B$343) | ZI1: =IF(OR(SwitchTR<>"ON",Universe!$B$344=""),"",Universe!$B$344) | ZK1: =IF(OR(SwitchTR<>"ON",Universe!$B$345=""),"",Universe!$B$345) | ZM1: =IF(OR(SwitchTR<>"ON",Universe!$B$346=""),"",Universe!$B$346) | ZO1: =IF(OR(SwitchTR<>"ON",Universe!$B$347=""),"",Universe!$B$347) | ZQ1: =IF(OR(SwitchTR<>"ON",Universe!$B$348=""),"",Universe!$B$348) | ZS1: =IF(OR(SwitchTR<>"ON",Universe!$B$349=""),"",Universe!$B$349) | ZU1: =IF(OR(SwitchTR<>"ON",Universe!$B$350=""),"",Universe!$B$350) | ZW1: =IF(OR(SwitchTR<>"ON",Universe!$B$351=""),"",Universe!$B$351) | ZY1: =IF(OR(SwitchTR<>"ON",Universe!$B$352=""),"",Universe!$B$352) | AAA1: =IF(OR(SwitchTR<>"ON",Universe!$B$353=""),"",Universe!$B$353) | AAC1: =IF(OR(SwitchTR<>"ON",Universe!$B$354=""),"",Universe!$B$354) | AAE1: =IF(OR(SwitchTR<>"ON",Universe!$B$355=""),"",Universe!$B$355) | AAG1: =IF(OR(SwitchTR<>"ON",Universe!$B$356=""),"",Universe!$B$356) | AAI1: =IF(OR(SwitchTR<>"ON",Universe!$B$357=""),"",Universe!$B$357) | AAK1: =IF(OR(SwitchTR<>"ON",Universe!$B$358=""),"",Universe!$B$358) | AAM1: =IF(OR(SwitchTR<>"ON",Universe!$B$359=""),"",Universe!$B$359) | AAO1: =IF(OR(SwitchTR<>"ON",Universe!$B$360=""),"",Universe!$B$360) | AAQ1: =IF(OR(SwitchTR<>"ON",Universe!$B$361=""),"",Universe!$B$361) | AAS1: =IF(OR(SwitchTR<>"ON",Universe!$B$362=""),"",Universe!$B$362) | AAU1: =IF(OR(SwitchTR<>"ON",Universe!$B$363=""),"",Universe!$B$363) | AAW1: =IF(OR(SwitchTR<>"ON",Universe!$B$364=""),"",Universe!$B$364) | AAY1: =IF(OR(SwitchTR<>"ON",Universe!$B$365=""),"",Universe!$B$365) | ABA1: =IF(OR(SwitchTR<>"ON",Universe!$B$366=""),"",Universe!$B$366) | ABC1: =IF(OR(SwitchTR<>"ON",Universe!$B$367=""),"",Universe!$B$367) | ABE1: =IF(OR(SwitchTR<>"ON",Universe!$B$368=""),"",Universe!$B$368) | ABG1: =IF(OR(SwitchTR<>"ON",Universe!$B$369=""),"",Universe!$B$369) | ABI1: =IF(OR(SwitchTR<>"ON",Universe!$B$370=""),"",Universe!$B$370) | ABK1: =IF(OR(SwitchTR<>"ON",Universe!$B$371=""),"",Universe!$B$371) | ABM1: =IF(OR(SwitchTR<>"ON",Universe!$B$372=""),"",Universe!$B$372) | ABO1: =IF(OR(SwitchTR<>"ON",Universe!$B$373=""),"",Universe!$B$373) | ABQ1: =IF(OR(SwitchTR<>"ON",Universe!$B$374=""),"",Universe!$B$374) | ABS1: =IF(OR(SwitchTR<>"ON",Universe!$B$375=""),"",Universe!$B$375) | ABU1: =IF(OR(SwitchTR<>"ON",Universe!$B$376=""),"",Universe!$B$376) | ABW1: =IF(OR(SwitchTR<>"ON",Universe!$B$377=""),"",Universe!$B$377) | ABY1: =IF(OR(SwitchTR<>"ON",Universe!$B$378=""),"",Universe!$B$378) | ACA1: =IF(OR(SwitchTR<>"ON",Universe!$B$379=""),"",Universe!$B$379) | ACC1: =IF(OR(SwitchTR<>"ON",Universe!$B$380=""),"",Universe!$B$380) | ACE1: =IF(OR(SwitchTR<>"ON",Universe!$B$381=""),"",Universe!$B$381) | ACG1: =IF(OR(SwitchTR<>"ON",Universe!$B$382=""),"",Universe!$B$382) | ACI1: =IF(OR(SwitchTR<>"ON",Universe!$B$383=""),"",Universe!$B$383) | ACK1: =IF(OR(SwitchTR<>"ON",Universe!$B$384=""),"",Universe!$B$384) | ACM1: =IF(OR(SwitchTR<>"ON",Universe!$B$385=""),"",Universe!$B$385) | ACO1: =IF(OR(SwitchTR<>"ON",Universe!$B$386=""),"",Universe!$B$386) | ACQ1: =IF(OR(SwitchTR<>"ON",Universe!$B$387=""),"",Universe!$B$387) | ACS1: =IF(OR(SwitchTR<>"ON",Universe!$B$388=""),"",Universe!$B$388) | ACU1: =IF(OR(SwitchTR<>"ON",Universe!$B$389=""),"",Universe!$B$389) | ACW1: =IF(OR(SwitchTR<>"ON",Universe!$B$390=""),"",Universe!$B$390) | ACY1: =IF(OR(SwitchTR<>"ON",Universe!$B$391=""),"",Universe!$B$391) | ADA1: =IF(OR(SwitchTR<>"ON",Universe!$B$392=""),"",Universe!$B$392) | ADC1: =IF(OR(SwitchTR<>"ON",Universe!$B$393=""),"",Universe!$B$393) | ADE1: =IF(OR(SwitchTR<>"ON",Universe!$B$394=""),"",Universe!$B$394) | ADG1: =IF(OR(SwitchTR<>"ON",Universe!$B$395=""),"",Universe!$B$395) | ADI1: =IF(OR(SwitchTR<>"ON",Universe!$B$396=""),"",Universe!$B$396) | ADK1: =IF(OR(SwitchTR<>"ON",Universe!$B$397=""),"",Universe!$B$397) | ADM1: =IF(OR(SwitchTR<>"ON",Universe!$B$398=""),"",Universe!$B$398) | ADO1: =IF(OR(SwitchTR<>"ON",Universe!$B$399=""),"",Universe!$B$399) | ADQ1: =IF(OR(SwitchTR<>"ON",Universe!$B$400=""),"",Universe!$B$400) | ADS1: =IF(OR(SwitchTR<>"ON",Universe!$B$401=""),"",Universe!$B$401) | ADU1: =IF(OR(SwitchTR<>"ON",Universe!$B$402=""),"",Universe!$B$402) | ADW1: =IF(OR(SwitchTR<>"ON",Universe!$B$403=""),"",Universe!$B$403) | ADY1: =IF(OR(SwitchTR<>"ON",Universe!$B$404=""),"",Universe!$B$404) | AEA1: =IF(OR(SwitchTR<>"ON",Universe!$B$405=""),"",Universe!$B$405) | AEC1: =IF(OR(SwitchTR<>"ON",Universe!$B$406=""),"",Universe!$B$406) | AEE1: =IF(OR(SwitchTR<>"ON",Universe!$B$407=""),"",Universe!$B$407) | AEG1: =IF(OR(SwitchTR<>"ON",Universe!$B$408=""),"",Universe!$B$408) | AEI1: =IF(OR(SwitchTR<>"ON",Universe!$B$409=""),"",Universe!$B$409) | AEK1: =IF(OR(SwitchTR<>"ON",Universe!$B$410=""),"",Universe!$B$410) | AEM1: =IF(OR(SwitchTR<>"ON",Universe!$B$411=""),"",Universe!$B$411) | AEO1: =IF(OR(SwitchTR<>"ON",Universe!$B$412=""),"",Universe!$B$412) | AEQ1: =IF(OR(SwitchTR<>"ON",Universe!$B$413=""),"",Universe!$B$413) | AES1: =IF(OR(SwitchTR<>"ON",Universe!$B$414=""),"",Universe!$B$414) | AEU1: =IF(OR(SwitchTR<>"ON",Universe!$B$415=""),"",Universe!$B$415) | AEW1: =IF(OR(SwitchTR<>"ON",Universe!$B$416=""),"",Universe!$B$416) | AEY1: =IF(OR(SwitchTR<>"ON",Universe!$B$417=""),"",Universe!$B$417) | AFA1: =IF(OR(SwitchTR<>"ON",Universe!$B$418=""),"",Universe!$B$418) | AFC1: =IF(OR(SwitchTR<>"ON",Universe!$B$419=""),"",Universe!$B$419) | AFE1: =IF(OR(SwitchTR<>"ON",Universe!$B$420=""),"",Universe!$B$420) | AFG1: =IF(OR(SwitchTR<>"ON",Universe!$B$421=""),"",Universe!$B$421) | AFI1: =IF(OR(SwitchTR<>"ON",Universe!$B$422=""),"",Universe!$B$422) | AFK1: =IF(OR(SwitchTR<>"ON",Universe!$B$423=""),"",Universe!$B$423) | AFM1: =IF(OR(SwitchTR<>"ON",Universe!$B$424=""),"",Universe!$B$424) | AFO1: =IF(OR(SwitchTR<>"ON",Universe!$B$425=""),"",Universe!$B$425) | AFQ1: =IF(OR(SwitchTR<>"ON",Universe!$B$426=""),"",Universe!$B$426) | AFS1: =IF(OR(SwitchTR<>"ON",Universe!$B$427=""),"",Universe!$B$427) | AFU1: =IF(OR(SwitchTR<>"ON",Universe!$B$428=""),"",Universe!$B$428) | AFW1: =IF(OR(SwitchTR<>"ON",Universe!$B$429=""),"",Universe!$B$429) | AFY1: =IF(OR(SwitchTR<>"ON",Universe!$B$430=""),"",Universe!$B$430) | AGA1: =IF(OR(SwitchTR<>"ON",Universe!$B$431=""),"",Universe!$B$431) | AGC1: =IF(OR(SwitchTR<>"ON",Universe!$B$432=""),"",Universe!$B$432) | AGE1: =IF(OR(SwitchTR<>"ON",Universe!$B$433=""),"",Universe!$B$433) | AGG1: =IF(OR(SwitchTR<>"ON",Universe!$B$434=""),"",Universe!$B$434) | AGI1: =IF(OR(SwitchTR<>"ON",Universe!$B$435=""),"",Universe!$B$435) | AGK1: =IF(OR(SwitchTR<>"ON",Universe!$B$436=""),"",Universe!$B$436) | AGM1: =IF(OR(SwitchTR<>"ON",Universe!$B$437=""),"",Universe!$B$437) | AGO1: =IF(OR(SwitchTR<>"ON",Universe!$B$438=""),"",Universe!$B$438) | AGQ1: =IF(OR(SwitchTR<>"ON",Universe!$B$439=""),"",Universe!$B$439) | AGS1: =IF(OR(SwitchTR<>"ON",Universe!$B$440=""),"",Universe!$B$440) | AGU1: =IF(OR(SwitchTR<>"ON",Universe!$B$441=""),"",Universe!$B$441) | AGW1: =IF(OR(SwitchTR<>"ON",Universe!$B$442=""),"",Universe!$B$442) | AGY1: =IF(OR(SwitchTR<>"ON",Universe!$B$443=""),"",Universe!$B$443) | AHA1: =IF(OR(SwitchTR<>"ON",Universe!$B$444=""),"",Universe!$B$444) | AHC1: =IF(OR(SwitchTR<>"ON",Universe!$B$445=""),"",Universe!$B$445) | AHE1: =IF(OR(SwitchTR<>"ON",Universe!$B$446=""),"",Universe!$B$446) | AHG1: =IF(OR(SwitchTR<>"ON",Universe!$B$447=""),"",Universe!$B$447) | AHI1: =IF(OR(SwitchTR<>"ON",Universe!$B$448=""),"",Universe!$B$448) | AHK1: =IF(OR(SwitchTR<>"ON",Universe!$B$449=""),"",Universe!$B$449) | AHM1: =IF(OR(SwitchTR<>"ON",Universe!$B$450=""),"",Universe!$B$450) | AHO1: =IF(OR(SwitchTR<>"ON",Universe!$B$451=""),"",Universe!$B$451) | AHQ1: =IF(OR(SwitchTR<>"ON",Universe!$B$452=""),"",Universe!$B$452) | AHS1: =IF(OR(SwitchTR<>"ON",Universe!$B$453=""),"",Universe!$B$453) | AHU1: =IF(OR(SwitchTR<>"ON",Universe!$B$454=""),"",Universe!$B$454) | AHW1: =IF(OR(SwitchTR<>"ON",Universe!$B$455=""),"",Universe!$B$455) | AHY1: =IF(OR(SwitchTR<>"ON",Universe!$B$456=""),"",Universe!$B$456) | AIA1: =IF(OR(SwitchTR<>"ON",Universe!$B$457=""),"",Universe!$B$457) | AIC1: =IF(OR(SwitchTR<>"ON",Universe!$B$458=""),"",Universe!$B$458) | AIE1: =IF(OR(SwitchTR<>"ON",Universe!$B$459=""),"",Universe!$B$459) | AIG1: =IF(OR(SwitchTR<>"ON",Universe!$B$460=""),"",Universe!$B$460) | AII1: =IF(OR(SwitchTR<>"ON",Universe!$B$461=""),"",Universe!$B$461) | AIK1: =IF(OR(SwitchTR<>"ON",Universe!$B$462=""),"",Universe!$B$462) | AIM1: =IF(OR(SwitchTR<>"ON",Universe!$B$463=""),"",Universe!$B$463) | AIO1: =IF(OR(SwitchTR<>"ON",Universe!$B$464=""),"",Universe!$B$464) | AIQ1: =IF(OR(SwitchTR<>"ON",Universe!$B$465=""),"",Universe!$B$465) | AIS1: =IF(OR(SwitchTR<>"ON",Universe!$B$466=""),"",Universe!$B$466) | AIU1: =IF(OR(SwitchTR<>"ON",Universe!$B$467=""),"",Universe!$B$467) | AIW1: =IF(OR(SwitchTR<>"ON",Universe!$B$468=""),"",Universe!$B$468) | AIY1: =IF(OR(SwitchTR<>"ON",Universe!$B$469=""),"",Universe!$B$469) | AJA1: =IF(OR(SwitchTR<>"ON",Universe!$B$470=""),"",Universe!$B$470) | AJC1: =IF(OR(SwitchTR<>"ON",Universe!$B$471=""),"",Universe!$B$471) | AJE1: =IF(OR(SwitchTR<>"ON",Universe!$B$472=""),"",Universe!$B$472) | AJG1: =IF(OR(SwitchTR<>"ON",Universe!$B$473=""),"",Universe!$B$473) | AJI1: =IF(OR(SwitchTR<>"ON",Universe!$B$474=""),"",Universe!$B$474) | AJK1: =IF(OR(SwitchTR<>"ON",Universe!$B$475=""),"",Universe!$B$475) | AJM1: =IF(OR(SwitchTR<>"ON",Universe!$B$476=""),"",Universe!$B$476) | AJO1: =IF(OR(SwitchTR<>"ON",Universe!$B$477=""),"",Universe!$B$477) | AJQ1: =IF(OR(SwitchTR<>"ON",Universe!$B$478=""),"",Universe!$B$478) | AJS1: =IF(OR(SwitchTR<>"ON",Universe!$B$479=""),"",Universe!$B$479) | AJU1: =IF(OR(SwitchTR<>"ON",Universe!$B$480=""),"",Universe!$B$480) | AJW1: =IF(OR(SwitchTR<>"ON",Universe!$B$481=""),"",Universe!$B$481) | AJY1: =IF(OR(SwitchTR<>"ON",Universe!$B$482=""),"",Universe!$B$482) | AKA1: =IF(OR(SwitchTR<>"ON",Universe!$B$483=""),"",Universe!$B$483) | AKC1: =IF(OR(SwitchTR<>"ON",Universe!$B$484=""),"",Universe!$B$484) | AKE1: =IF(OR(SwitchTR<>"ON",Universe!$B$485=""),"",Universe!$B$485) | AKG1: =IF(OR(SwitchTR<>"ON",Universe!$B$486=""),"",Universe!$B$486) | AKI1: =IF(OR(SwitchTR<>"ON",Universe!$B$487=""),"",Universe!$B$487) | AKK1: =IF(OR(SwitchTR<>"ON",Universe!$B$488=""),"",Universe!$B$488) | AKM1: =IF(OR(SwitchTR<>"ON",Universe!$B$489=""),"",Universe!$B$489) | AKO1: =IF(OR(SwitchTR<>"ON",Universe!$B$490=""),"",Universe!$B$490) | AKQ1: =IF(OR(SwitchTR<>"ON",Universe!$B$491=""),"",Universe!$B$491) | AKS1: =IF(OR(SwitchTR<>"ON",Universe!$B$492=""),"",Universe!$B$492) | AKU1: =IF(OR(SwitchTR<>"ON",Universe!$B$493=""),"",Universe!$B$493) | AKW1: =IF(OR(SwitchTR<>"ON",Universe!$B$494=""),"",Universe!$B$494) | AKY1: =IF(OR(SwitchTR<>"ON",Universe!$B$495=""),"",Universe!$B$495) | ALA1: =IF(OR(SwitchTR<>"ON",Universe!$B$496=""),"",Universe!$B$496) | ALC1: =IF(OR(SwitchTR<>"ON",Universe!$B$497=""),"",Universe!$B$497) | ALE1: =IF(OR(SwitchTR<>"ON",Universe!$B$498=""),"",Universe!$B$498) | ALG1: =IF(OR(SwitchTR<>"ON",Universe!$B$499=""),"",Universe!$B$499) | ALI1: =IF(OR(SwitchTR<>"ON",Universe!$B$500=""),"",Universe!$B$500) | ALK1: =IF(OR(SwitchTR<>"ON",Universe!$B$501=""),"",Universe!$B$501) | ALM1: =IF(OR(SwitchTR<>"ON",Universe!$B$502=""),"",Universe!$B$502) | ALO1: =IF(OR(SwitchTR<>"ON",Universe!$B$503=""),"",Universe!$B$503) | ALQ1: =IF(OR(SwitchTR<>"ON",Universe!$B$504=""),"",Universe!$B$504) | ALS1: =IF(OR(SwitchTR<>"ON",Universe!$B$505=""),"",Universe!$B$505) | ALU1: =IF(OR(SwitchTR<>"ON",Universe!$B$506=""),"",Universe!$B$506) | ALW1: =IF(OR(SwitchTR<>"ON",Universe!$B$507=""),"",Universe!$B$507) | ALY1: =IF(OR(SwitchTR<>"ON",Universe!$B$508=""),"",Universe!$B$508) | AMA1: =IF(OR(SwitchTR<>"ON",Universe!$B$509=""),"",Universe!$B$509) | AMC1: =IF(OR(SwitchTR<>"ON",Universe!$B$510=""),"",Universe!$B$510) | AME1: =IF(OR(SwitchTR<>"ON",Universe!$B$511=""),"",Universe!$B$511) | AMG1: =IF(OR(SwitchTR<>"ON",Universe!$B$512=""),"",Universe!$B$512) | AMI1: =IF(OR(SwitchTR<>"ON",Universe!$B$513=""),"",Universe!$B$513) | AMK1: =IF(OR(SwitchTR<>"ON",Universe!$B$514=""),"",Universe!$B$514) | AMM1: =IF(OR(SwitchTR<>"ON",Universe!$B$515=""),"",Universe!$B$515) | AMO1: =IF(OR(SwitchTR<>"ON",Universe!$B$516=""),"",Universe!$B$516) | AMQ1: =IF(OR(SwitchTR<>"ON",Universe!$B$517=""),"",Universe!$B$517) | AMS1: =IF(OR(SwitchTR<>"ON",Universe!$B$518=""),"",Universe!$B$518) | AMU1: =IF(OR(SwitchTR<>"ON",Universe!$B$519=""),"",Universe!$B$519) | AMW1: =IF(OR(SwitchTR<>"ON",Universe!$B$520=""),"",Universe!$B$520) | AMY1: =IF(OR(SwitchTR<>"ON",Universe!$B$521=""),"",Universe!$B$521) | ANA1: =IF(OR(SwitchTR<>"ON",Universe!$B$522=""),"",Universe!$B$522) | ANC1: =IF(OR(SwitchTR<>"ON",Universe!$B$523=""),"",Universe!$B$523) | ANE1: =IF(OR(SwitchTR<>"ON",Universe!$B$524=""),"",Universe!$B$524) | ANG1: =IF(OR(SwitchTR<>"ON",Universe!$B$525=""),"",Universe!$B$525) | ANI1: =IF(OR(SwitchTR<>"ON",Universe!$B$526=""),"",Universe!$B$526) | ANK1: =IF(OR(SwitchTR<>"ON",Universe!$B$527=""),"",Universe!$B$527) | ANM1: =IF(OR(SwitchTR<>"ON",Universe!$B$528=""),"",Universe!$B$528) | ANO1: =IF(OR(SwitchTR<>"ON",Universe!$B$529=""),"",Universe!$B$529) | ANQ1: =IF(OR(SwitchTR<>"ON",Universe!$B$530=""),"",Universe!$B$530) | ANS1: =IF(OR(SwitchTR<>"ON",Universe!$B$531=""),"",Universe!$B$531) | ANU1: =IF(OR(SwitchTR<>"ON",Universe!$B$532=""),"",Universe!$B$532) | ANW1: =IF(OR(SwitchTR<>"ON",Universe!$B$533=""),"",Universe!$B$533) | ANY1: =IF(OR(SwitchTR<>"ON",Universe!$B$534=""),"",Universe!$B$534) | AOA1: =IF(OR(SwitchTR<>"ON",Universe!$B$535=""),"",Universe!$B$535) | AOC1: =IF(OR(SwitchTR<>"ON",Universe!$B$536=""),"",Universe!$B$536) | AOE1: =IF(OR(SwitchTR<>"ON",Universe!$B$537=""),"",Universe!$B$537) | AOG1: =IF(OR(SwitchTR<>"ON",Universe!$B$538=""),"",Universe!$B$538) | AOI1: =IF(OR(SwitchTR<>"ON",Universe!$B$539=""),"",Universe!$B$539) | AOK1: =IF(OR(SwitchTR<>"ON",Universe!$B$540=""),"",Universe!$B$540) | AOM1: =IF(OR(SwitchTR<>"ON",Universe!$B$541=""),"",Universe!$B$541) | AOO1: =IF(OR(SwitchTR<>"ON",Universe!$B$542=""),"",Universe!$B$542) | AOQ1: =IF(OR(SwitchTR<>"ON",Universe!$B$543=""),"",Universe!$B$543) | AOS1: =IF(OR(SwitchTR<>"ON",Universe!$B$544=""),"",Universe!$B$544) | AOU1: =IF(OR(SwitchTR<>"ON",Universe!$B$545=""),"",Universe!$B$545) | AOW1: =IF(OR(SwitchTR<>"ON",Universe!$B$546=""),"",Universe!$B$546) | AOY1: =IF(OR(SwitchTR<>"ON",Universe!$B$547=""),"",Universe!$B$547) | APA1: =IF(OR(SwitchTR<>"ON",Universe!$B$548=""),"",Universe!$B$548) | APC1: =IF(OR(SwitchTR<>"ON",Universe!$B$549=""),"",Universe!$B$549) | APE1: =IF(OR(SwitchTR<>"ON",Universe!$B$550=""),"",Universe!$B$550) | APG1: =IF(OR(SwitchTR<>"ON",Universe!$B$551=""),"",Universe!$B$551) | API1: =IF(OR(SwitchTR<>"ON",Universe!$B$552=""),"",Universe!$B$552) | APK1: =IF(OR(SwitchTR<>"ON",Universe!$B$553=""),"",Universe!$B$553) | APM1: =IF(OR(SwitchTR<>"ON",Universe!$B$554=""),"",Universe!$B$554) | APO1: =IF(OR(SwitchTR<>"ON",Universe!$B$555=""),"",Universe!$B$555) | APQ1: =IF(OR(SwitchTR<>"ON",Universe!$B$556=""),"",Universe!$B$556) | APS1: =IF(OR(SwitchTR<>"ON",Universe!$B$557=""),"",Universe!$B$557) | APU1: =IF(OR(SwitchTR<>"ON",Universe!$B$558=""),"",Universe!$B$558) | APW1: =IF(OR(SwitchTR<>"ON",Universe!$B$559=""),"",Universe!$B$559) | APY1: =IF(OR(SwitchTR<>"ON",Universe!$B$560=""),"",Universe!$B$560) | AQA1: =IF(OR(SwitchTR<>"ON",Universe!$B$561=""),"",Universe!$B$561) | AQC1: =IF(OR(SwitchTR<>"ON",Universe!$B$562=""),"",Universe!$B$562) | AQE1: =IF(OR(SwitchTR<>"ON",Universe!$B$563=""),"",Universe!$B$563) | AQG1: =IF(OR(SwitchTR<>"ON",Universe!$B$564=""),"",Universe!$B$564) | AQI1: =IF(OR(SwitchTR<>"ON",Universe!$B$565=""),"",Universe!$B$565) | AQK1: =IF(OR(SwitchTR<>"ON",Universe!$B$566=""),"",Universe!$B$566) | AQM1: =IF(OR(SwitchTR<>"ON",Universe!$B$567=""),"",Universe!$B$567) | AQO1: =IF(OR(SwitchTR<>"ON",Universe!$B$568=""),"",Universe!$B$568) | AQQ1: =IF(OR(SwitchTR<>"ON",Universe!$B$569=""),"",Universe!$B$569) | AQS1: =IF(OR(SwitchTR<>"ON",Universe!$B$570=""),"",Universe!$B$570) | AQU1: =IF(OR(SwitchTR<>"ON",Universe!$B$571=""),"",Universe!$B$571) | AQW1: =IF(OR(SwitchTR<>"ON",Universe!$B$572=""),"",Universe!$B$572) | AQY1: =IF(OR(SwitchTR<>"ON",Universe!$B$573=""),"",Universe!$B$573) | ARA1: =IF(OR(SwitchTR<>"ON",Universe!$B$574=""),"",Universe!$B$574) | ARC1: =IF(OR(SwitchTR<>"ON",Universe!$B$575=""),"",Universe!$B$575) | ARE1: =IF(OR(SwitchTR<>"ON",Universe!$B$576=""),"",Universe!$B$576) | ARG1: =IF(OR(SwitchTR<>"ON",Universe!$B$577=""),"",Universe!$B$577) | ARI1: =IF(OR(SwitchTR<>"ON",Universe!$B$578=""),"",Universe!$B$578) | ARK1: =IF(OR(SwitchTR<>"ON",Universe!$B$579=""),"",Universe!$B$579) | ARM1: =IF(OR(SwitchTR<>"ON",Universe!$B$580=""),"",Universe!$B$580) | ARO1: =IF(OR(SwitchTR<>"ON",Universe!$B$581=""),"",Universe!$B$581) | ARQ1: =IF(OR(SwitchTR<>"ON",Universe!$B$582=""),"",Universe!$B$582) | ARS1: =IF(OR(SwitchTR<>"ON",Universe!$B$583=""),"",Universe!$B$583) | ARU1: =IF(OR(SwitchTR<>"ON",Universe!$B$584=""),"",Universe!$B$584) | ARW1: =IF(OR(SwitchTR<>"ON",Universe!$B$585=""),"",Universe!$B$585) | ARY1: =IF(OR(SwitchTR<>"ON",Universe!$B$586=""),"",Universe!$B$586) | ASA1: =IF(OR(SwitchTR<>"ON",Universe!$B$587=""),"",Universe!$B$587) | ASC1: =IF(OR(SwitchTR<>"ON",Universe!$B$588=""),"",Universe!$B$588) | ASE1: =IF(OR(SwitchTR<>"ON",Universe!$B$589=""),"",Universe!$B$589) | ASG1: =IF(OR(SwitchTR<>"ON",Universe!$B$590=""),"",Universe!$B$590) | ASI1: =IF(OR(SwitchTR<>"ON",Universe!$B$591=""),"",Universe!$B$591) | ASK1: =IF(OR(SwitchTR<>"ON",Universe!$B$592=""),"",Universe!$B$592) | ASM1: =IF(OR(SwitchTR<>"ON",Universe!$B$593=""),"",Universe!$B$593) | ASO1: =IF(OR(SwitchTR<>"ON",Universe!$B$594=""),"",Universe!$B$594) | ASQ1: =IF(OR(SwitchTR<>"ON",Universe!$B$595=""),"",Universe!$B$595) | ASS1: =IF(OR(SwitchTR<>"ON",Universe!$B$596=""),"",Universe!$B$596) | ASU1: =IF(OR(SwitchTR<>"ON",Universe!$B$597=""),"",Universe!$B$597) | ASW1: =IF(OR(SwitchTR<>"ON",Universe!$B$598=""),"",Universe!$B$598) | ASY1: =IF(OR(SwitchTR<>"ON",Universe!$B$599=""),"",Universe!$B$599) | ATA1: =IF(OR(SwitchTR<>"ON",Universe!$B$600=""),"",Universe!$B$600) | ATC1: =IF(OR(SwitchTR<>"ON",Universe!$B$601=""),"",Universe!$B$601) | ATE1: =IF(OR(SwitchTR<>"ON",Universe!$B$602=""),"",Universe!$B$602) | ATG1: =IF(OR(SwitchTR<>"ON",Universe!$B$603=""),"",Universe!$B$603) | ATI1: =IF(OR(SwitchTR<>"ON",Universe!$B$604=""),"",Universe!$B$604) | ATK1: =IF(OR(SwitchTR<>"ON",Universe!$B$605=""),"",Universe!$B$605) | ATM1: =IF(OR(SwitchTR<>"ON",Universe!$B$606=""),"",Universe!$B$606) | ATO1: =IF(OR(SwitchTR<>"ON",Universe!$B$607=""),"",Universe!$B$607) | ATQ1: =IF(OR(SwitchTR<>"ON",Universe!$B$608=""),"",Universe!$B$608) | ATS1: =IF(OR(SwitchTR<>"ON",Universe!$B$609=""),"",Universe!$B$609) | ATU1: =IF(OR(SwitchTR<>"ON",Universe!$B$610=""),"",Universe!$B$610) | ATW1: =IF(OR(SwitchTR<>"ON",Universe!$B$611=""),"",Universe!$B$611) | ATY1: =IF(OR(SwitchTR<>"ON",Universe!$B$612=""),"",Universe!$B$612) | AUA1: =IF(OR(SwitchTR<>"ON",Universe!$B$613=""),"",Universe!$B$613) | AUC1: =IF(OR(SwitchTR<>"ON",Universe!$B$614=""),"",Universe!$B$614) | AUE1: =IF(OR(SwitchTR<>"ON",Universe!$B$615=""),"",Universe!$B$615) | AUG1: =IF(OR(SwitchTR<>"ON",Universe!$B$616=""),"",Universe!$B$616) | AUI1: =IF(OR(SwitchTR<>"ON",Universe!$B$617=""),"",Universe!$B$617) | AUK1: =IF(OR(SwitchTR<>"ON",Universe!$B$618=""),"",Universe!$B$618) | AUM1: =IF(OR(SwitchTR<>"ON",Universe!$B$619=""),"",Universe!$B$619) | AUO1: =IF(OR(SwitchTR<>"ON",Universe!$B$620=""),"",Universe!$B$620) | AUQ1: =IF(OR(SwitchTR<>"ON",Universe!$B$621=""),"",Universe!$B$621) | AUS1: =IF(OR(SwitchTR<>"ON",Universe!$B$622=""),"",Universe!$B$622) | AUU1: =IF(OR(SwitchTR<>"ON",Universe!$B$623=""),"",Universe!$B$623) | AUW1: =IF(OR(SwitchTR<>"ON",Universe!$B$624=""),"",Universe!$B$624) | AUY1: =IF(OR(SwitchTR<>"ON",Universe!$B$625=""),"",Universe!$B$625) | AVA1: =IF(OR(SwitchTR<>"ON",Universe!$B$626=""),"",Universe!$B$626) | AVC1: =IF(OR(SwitchTR<>"ON",Universe!$B$627=""),"",Universe!$B$627) | AVE1: =IF(OR(SwitchTR<>"ON",Universe!$B$628=""),"",Universe!$B$628) | AVG1: =IF(OR(SwitchTR<>"ON",Universe!$B$629=""),"",Universe!$B$629) | AVI1: =IF(OR(SwitchTR<>"ON",Universe!$B$630=""),"",Universe!$B$630) | AVK1: =IF(OR(SwitchTR<>"ON",Universe!$B$631=""),"",Universe!$B$631) | AVM1: =IF(OR(SwitchTR<>"ON",Universe!$B$632=""),"",Universe!$B$632) | AVO1: =IF(OR(SwitchTR<>"ON",Universe!$B$633=""),"",Universe!$B$633) | AVQ1: =IF(OR(SwitchTR<>"ON",Universe!$B$634=""),"",Universe!$B$634) | AVS1: =IF(OR(SwitchTR<>"ON",Universe!$B$635=""),"",Universe!$B$635) | AVU1: =IF(OR(SwitchTR<>"ON",Universe!$B$636=""),"",Universe!$B$636) | AVW1: =IF(OR(SwitchTR<>"ON",Universe!$B$637=""),"",Universe!$B$637) | AVY1: =IF(OR(SwitchTR<>"ON",Universe!$B$638=""),"",Universe!$B$638) | AWA1: =IF(OR(SwitchTR<>"ON",Universe!$B$639=""),"",Universe!$B$639) | AWC1: =IF(OR(SwitchTR<>"ON",Universe!$B$640=""),"",Universe!$B$640) | AWE1: =IF(OR(SwitchTR<>"ON",Universe!$B$641=""),"",Universe!$B$641) | AWG1: =IF(OR(SwitchTR<>"ON",Universe!$B$642=""),"",Universe!$B$642) | AWI1: =IF(OR(SwitchTR<>"ON",Universe!$B$643=""),"",Universe!$B$643) | AWK1: =IF(OR(SwitchTR<>"ON",Universe!$B$644=""),"",Universe!$B$644) | AWM1: =IF(OR(SwitchTR<>"ON",Universe!$B$645=""),"",Universe!$B$645) | AWO1: =IF(OR(SwitchTR<>"ON",Universe!$B$646=""),"",Universe!$B$646) | AWQ1: =IF(OR(SwitchTR<>"ON",Universe!$B$647=""),"",Universe!$B$647) | AWS1: =IF(OR(SwitchTR<>"ON",Universe!$B$648=""),"",Universe!$B$648) | AWU1: =IF(OR(SwitchTR<>"ON",Universe!$B$649=""),"",Universe!$B$649) | AWW1: =IF(OR(SwitchTR<>"ON",Universe!$B$650=""),"",Universe!$B$650) | AWY1: =IF(OR(SwitchTR<>"ON",Universe!$B$651=""),"",Universe!$B$651) | AXA1: =IF(OR(SwitchTR<>"ON",Universe!$B$652=""),"",Universe!$B$652) | AXC1: =IF(OR(SwitchTR<>"ON",Universe!$B$653=""),"",Universe!$B$653) | AXE1: =IF(OR(SwitchTR<>"ON",Universe!$B$654=""),"",Universe!$B$654) | AXG1: =IF(OR(SwitchTR<>"ON",Universe!$B$655=""),"",Universe!$B$655) | AXI1: =IF(OR(SwitchTR<>"ON",Universe!$B$656=""),"",Universe!$B$656) | AXK1: =IF(OR(SwitchTR<>"ON",Universe!$B$657=""),"",Universe!$B$657) | AXM1: =IF(OR(SwitchTR<>"ON",Universe!$B$658=""),"",Universe!$B$658) | AXO1: =IF(OR(SwitchTR<>"ON",Universe!$B$659=""),"",Universe!$B$659) | AXQ1: =IF(OR(SwitchTR<>"ON",Universe!$B$660=""),"",Universe!$B$660) | AXS1: =IF(OR(SwitchTR<>"ON",Universe!$B$661=""),"",Universe!$B$661) | AXU1: =IF(OR(SwitchTR<>"ON",Universe!$B$662=""),"",Universe!$B$662) | AXW1: =IF(OR(SwitchTR<>"ON",Universe!$B$663=""),"",Universe!$B$663) | AXY1: =IF(OR(SwitchTR<>"ON",Universe!$B$664=""),"",Universe!$B$664) | AYA1: =IF(OR(SwitchTR<>"ON",Universe!$B$665=""),"",Universe!$B$665) | AYC1: =IF(OR(SwitchTR<>"ON",Universe!$B$666=""),"",Universe!$B$666) | AYE1: =IF(OR(SwitchTR<>"ON",Universe!$B$667=""),"",Universe!$B$667) | AYG1: =IF(OR(SwitchTR<>"ON",Universe!$B$668=""),"",Universe!$B$668) | AYI1: =IF(OR(SwitchTR<>"ON",Universe!$B$669=""),"",Universe!$B$669) | AYK1: =IF(OR(SwitchTR<>"ON",Universe!$B$670=""),"",Universe!$B$670) | AYM1: =IF(OR(SwitchTR<>"ON",Universe!$B$671=""),"",Universe!$B$671) | AYO1: =IF(OR(SwitchTR<>"ON",Universe!$B$672=""),"",Universe!$B$672) | AYQ1: =IF(OR(SwitchTR<>"ON",Universe!$B$673=""),"",Universe!$B$673) | AYS1: =IF(OR(SwitchTR<>"ON",Universe!$B$674=""),"",Universe!$B$674) | AYU1: =IF(OR(SwitchTR<>"ON",Universe!$B$675=""),"",Universe!$B$675) | AYW1: =IF(OR(SwitchTR<>"ON",Universe!$B$676=""),"",Universe!$B$676) | AYY1: =IF(OR(SwitchTR<>"ON",Universe!$B$677=""),"",Universe!$B$677) | AZA1: =IF(OR(SwitchTR<>"ON",Universe!$B$678=""),"",Universe!$B$678) | AZC1: =IF(OR(SwitchTR<>"ON",Universe!$B$679=""),"",Universe!$B$679) | AZE1: =IF(OR(SwitchTR<>"ON",Universe!$B$680=""),"",Universe!$B$680) | AZG1: =IF(OR(SwitchTR<>"ON",Universe!$B$681=""),"",Universe!$B$681) | AZI1: =IF(OR(SwitchTR<>"ON",Universe!$B$682=""),"",Universe!$B$682) | AZK1: =IF(OR(SwitchTR<>"ON",Universe!$B$683=""),"",Universe!$B$683) | AZM1: =IF(OR(SwitchTR<>"ON",Universe!$B$684=""),"",Universe!$B$684) | AZO1: =IF(OR(SwitchTR<>"ON",Universe!$B$685=""),"",Universe!$B$685) | AZQ1: =IF(OR(SwitchTR<>"ON",Universe!$B$686=""),"",Universe!$B$686) | AZS1: =IF(OR(SwitchTR<>"ON",Universe!$B$687=""),"",Universe!$B$687) | AZU1: =IF(OR(SwitchTR<>"ON",Universe!$B$688=""),"",Universe!$B$688) | AZW1: =IF(OR(SwitchTR<>"ON",Universe!$B$689=""),"",Universe!$B$689) | AZY1: =IF(OR(SwitchTR<>"ON",Universe!$B$690=""),"",Universe!$B$690) | BAA1: =IF(OR(SwitchTR<>"ON",Universe!$B$691=""),"",Universe!$B$691) | BAC1: =IF(OR(SwitchTR<>"ON",Universe!$B$692=""),"",Universe!$B$692) | BAE1: =IF(OR(SwitchTR<>"ON",Universe!$B$693=""),"",Universe!$B$693) | BAG1: =IF(OR(SwitchTR<>"ON",Universe!$B$694=""),"",Universe!$B$694) | BAI1: =IF(OR(SwitchTR<>"ON",Universe!$B$695=""),"",Universe!$B$695) | BAK1: =IF(OR(SwitchTR<>"ON",Universe!$B$696=""),"",Universe!$B$696) | BAM1: =IF(OR(SwitchTR<>"ON",Universe!$B$697=""),"",Universe!$B$697) | BAO1: =IF(OR(SwitchTR<>"ON",Universe!$B$698=""),"",Universe!$B$698) | BAQ1: =IF(OR(SwitchTR<>"ON",Universe!$B$699=""),"",Universe!$B$699) | BAS1: =IF(OR(SwitchTR<>"ON",Universe!$B$700=""),"",Universe!$B$700) | BAU1: =IF(OR(SwitchTR<>"ON",Universe!$B$701=""),"",Universe!$B$701) | BAW1: =IF(OR(SwitchTR<>"ON",Universe!$B$702=""),"",Universe!$B$702) | BAY1: =IF(OR(SwitchTR<>"ON",Universe!$B$703=""),"",Universe!$B$703) | BBA1: =IF(OR(SwitchTR<>"ON",Universe!$B$704=""),"",Universe!$B$704) | BBC1: =IF(OR(SwitchTR<>"ON",Universe!$B$705=""),"",Universe!$B$705) | BBE1: =IF(OR(SwitchTR<>"ON",Universe!$B$706=""),"",Universe!$B$706) | BBG1: =IF(OR(SwitchTR<>"ON",Universe!$B$707=""),"",Universe!$B$707) | BBI1: =IF(OR(SwitchTR<>"ON",Universe!$B$708=""),"",Universe!$B$708) | BBK1: =IF(OR(SwitchTR<>"ON",Universe!$B$709=""),"",Universe!$B$709) | BBM1: =IF(OR(SwitchTR<>"ON",Universe!$B$710=""),"",Universe!$B$710) | BBO1: =IF(OR(SwitchTR<>"ON",Universe!$B$711=""),"",Universe!$B$711) | BBQ1: =IF(OR(SwitchTR<>"ON",Universe!$B$712=""),"",Universe!$B$712) | BBS1: =IF(OR(SwitchTR<>"ON",Universe!$B$713=""),"",Universe!$B$713) | BBU1: =IF(OR(SwitchTR<>"ON",Universe!$B$714=""),"",Universe!$B$714) | BBW1: =IF(OR(SwitchTR<>"ON",Universe!$B$715=""),"",Universe!$B$715) | BBY1: =IF(OR(SwitchTR<>"ON",Universe!$B$716=""),"",Universe!$B$716) | BCA1: =IF(OR(SwitchTR<>"ON",Universe!$B$717=""),"",Universe!$B$717) | BCC1: =IF(OR(SwitchTR<>"ON",Universe!$B$718=""),"",Universe!$B$718) | BCE1: =IF(OR(SwitchTR<>"ON",Universe!$B$719=""),"",Universe!$B$719) | BCG1: =IF(OR(SwitchTR<>"ON",Universe!$B$720=""),"",Universe!$B$720) | BCI1: =IF(OR(SwitchTR<>"ON",Universe!$B$721=""),"",Universe!$B$721) | BCK1: =IF(OR(SwitchTR<>"ON",Universe!$B$722=""),"",Universe!$B$722) | BCM1: =IF(OR(SwitchTR<>"ON",Universe!$B$723=""),"",Universe!$B$723) | BCO1: =IF(OR(SwitchTR<>"ON",Universe!$B$724=""),"",Universe!$B$724) | BCQ1: =IF(OR(SwitchTR<>"ON",Universe!$B$725=""),"",Universe!$B$725) | BCS1: =IF(OR(SwitchTR<>"ON",Universe!$B$726=""),"",Universe!$B$726) | BCU1: =IF(OR(SwitchTR<>"ON",Universe!$B$727=""),"",Universe!$B$727) | BCW1: =IF(OR(SwitchTR<>"ON",Universe!$B$728=""),"",Universe!$B$728) | BCY1: =IF(OR(SwitchTR<>"ON",Universe!$B$729=""),"",Universe!$B$729) | BDA1: =IF(OR(SwitchTR<>"ON",Universe!$B$730=""),"",Universe!$B$730) | BDC1: =IF(OR(SwitchTR<>"ON",Universe!$B$731=""),"",Universe!$B$731) | BDE1: =IF(OR(SwitchTR<>"ON",Universe!$B$732=""),"",Universe!$B$732) | BDG1: =IF(OR(SwitchTR<>"ON",Universe!$B$733=""),"",Universe!$B$733) | BDI1: =IF(OR(SwitchTR<>"ON",Universe!$B$734=""),"",Universe!$B$734) | BDK1: =IF(OR(SwitchTR<>"ON",Universe!$B$735=""),"",Universe!$B$735) | BDM1: =IF(OR(SwitchTR<>"ON",Universe!$B$736=""),"",Universe!$B$736) | BDO1: =IF(OR(SwitchTR<>"ON",Universe!$B$737=""),"",Universe!$B$737) | BDQ1: =IF(OR(SwitchTR<>"ON",Universe!$B$738=""),"",Universe!$B$738) | BDS1: =IF(OR(SwitchTR<>"ON",Universe!$B$739=""),"",Universe!$B$739) | BDU1: =IF(OR(SwitchTR<>"ON",Universe!$B$740=""),"",Universe!$B$740) | BDW1: =IF(OR(SwitchTR<>"ON",Universe!$B$741=""),"",Universe!$B$741) | BDY1: =IF(OR(SwitchTR<>"ON",Universe!$B$742=""),"",Universe!$B$742) | BEA1: =IF(OR(SwitchTR<>"ON",Universe!$B$743=""),"",Universe!$B$743) | BEC1: =IF(OR(SwitchTR<>"ON",Universe!$B$744=""),"",Universe!$B$744) | BEE1: =IF(OR(SwitchTR<>"ON",Universe!$B$745=""),"",Universe!$B$745) | BEG1: =IF(OR(SwitchTR<>"ON",Universe!$B$746=""),"",Universe!$B$746) | BEI1: =IF(OR(SwitchTR<>"ON",Universe!$B$747=""),"",Universe!$B$747) | BEK1: =IF(OR(SwitchTR<>"ON",Universe!$B$748=""),"",Universe!$B$748) | BEM1: =IF(OR(SwitchTR<>"ON",Universe!$B$749=""),"",Universe!$B$749) | BEO1: =IF(OR(SwitchTR<>"ON",Universe!$B$750=""),"",Universe!$B$750) | BEQ1: =IF(OR(SwitchTR<>"ON",Universe!$B$751=""),"",Universe!$B$751) | BES1: =IF(OR(SwitchTR<>"ON",Universe!$B$752=""),"",Universe!$B$752) | BEU1: =IF(OR(SwitchTR<>"ON",Universe!$B$753=""),"",Universe!$B$753) | BEW1: =IF(OR(SwitchTR<>"ON",Universe!$B$754=""),"",Universe!$B$754) | BEY1: =IF(OR(SwitchTR<>"ON",Universe!$B$755=""),"",Universe!$B$755) | BFA1: =IF(OR(SwitchTR<>"ON",Universe!$B$756=""),"",Universe!$B$756) | BFC1: =IF(OR(SwitchTR<>"ON",Universe!$B$757=""),"",Universe!$B$757) | BFE1: =IF(OR(SwitchTR<>"ON",Universe!$B$758=""),"",Universe!$B$758) | BFG1: =IF(OR(SwitchTR<>"ON",Universe!$B$759=""),"",Universe!$B$759) | BFI1: =IF(OR(SwitchTR<>"ON",Universe!$B$760=""),"",Universe!$B$760) | BFK1: =IF(OR(SwitchTR<>"ON",Universe!$B$761=""),"",Universe!$B$761) | BFM1: =IF(OR(SwitchTR<>"ON",Universe!$B$762=""),"",Universe!$B$762) | BFO1: =IF(OR(SwitchTR<>"ON",Universe!$B$763=""),"",Universe!$B$763) | BFQ1: =IF(OR(SwitchTR<>"ON",Universe!$B$764=""),"",Universe!$B$764) | BFS1: =IF(OR(SwitchTR<>"ON",Universe!$B$765=""),"",Universe!$B$765) | BFU1: =IF(OR(SwitchTR<>"ON",Universe!$B$766=""),"",Universe!$B$766) | BFW1: =IF(OR(SwitchTR<>"ON",Universe!$B$767=""),"",Universe!$B$767) | BFY1: =IF(OR(SwitchTR<>"ON",Universe!$B$768=""),"",Universe!$B$768) | BGA1: =IF(OR(SwitchTR<>"ON",Universe!$B$769=""),"",Universe!$B$769) | BGC1: =IF(OR(SwitchTR<>"ON",Universe!$B$770=""),"",Universe!$B$770) | BGE1: =IF(OR(SwitchTR<>"ON",Universe!$B$771=""),"",Universe!$B$771) | BGG1: =IF(OR(SwitchTR<>"ON",Universe!$B$772=""),"",Universe!$B$772) | BGI1: =IF(OR(SwitchTR<>"ON",Universe!$B$773=""),"",Universe!$B$773) | BGK1: =IF(OR(SwitchTR<>"ON",Universe!$B$774=""),"",Universe!$B$774) | BGM1: =IF(OR(SwitchTR<>"ON",Universe!$B$775=""),"",Universe!$B$775) | BGO1: =IF(OR(SwitchTR<>"ON",Universe!$B$776=""),"",Universe!$B$776) | BGQ1: =IF(OR(SwitchTR<>"ON",Universe!$B$777=""),"",Universe!$B$777) | BGS1: =IF(OR(SwitchTR<>"ON",Universe!$B$778=""),"",Universe!$B$778) | BGU1: =IF(OR(SwitchTR<>"ON",Universe!$B$779=""),"",Universe!$B$779) | BGW1: =IF(OR(SwitchTR<>"ON",Universe!$B$780=""),"",Universe!$B$780) | BGY1: =IF(OR(SwitchTR<>"ON",Universe!$B$781=""),"",Universe!$B$781) | BHA1: =IF(OR(SwitchTR<>"ON",Universe!$B$782=""),"",Universe!$B$782) | BHC1: =IF(OR(SwitchTR<>"ON",Universe!$B$783=""),"",Universe!$B$783) | BHE1: =IF(OR(SwitchTR<>"ON",Universe!$B$784=""),"",Universe!$B$784) | BHG1: =IF(OR(SwitchTR<>"ON",Universe!$B$785=""),"",Universe!$B$785) | BHI1: =IF(OR(SwitchTR<>"ON",Universe!$B$786=""),"",Universe!$B$786) | BHK1: =IF(OR(SwitchTR<>"ON",Universe!$B$787=""),"",Universe!$B$787) | BHM1: =IF(OR(SwitchTR<>"ON",Universe!$B$788=""),"",Universe!$B$788) | BHO1: =IF(OR(SwitchTR<>"ON",Universe!$B$789=""),"",Universe!$B$789) | BHQ1: =IF(OR(SwitchTR<>"ON",Universe!$B$790=""),"",Universe!$B$790) | BHS1: =IF(OR(SwitchTR<>"ON",Universe!$B$791=""),"",Universe!$B$791) | BHU1: =IF(OR(SwitchTR<>"ON",Universe!$B$792=""),"",Universe!$B$792) | BHW1: =IF(OR(SwitchTR<>"ON",Universe!$B$793=""),"",Universe!$B$793) | BHY1: =IF(OR(SwitchTR<>"ON",Universe!$B$794=""),"",Universe!$B$794) | BIA1: =IF(OR(SwitchTR<>"ON",Universe!$B$795=""),"",Universe!$B$795) | BIC1: =IF(OR(SwitchTR<>"ON",Universe!$B$796=""),"",Universe!$B$796) | BIE1: =IF(OR(SwitchTR<>"ON",Universe!$B$797=""),"",Universe!$B$797) | BIG1: =IF(OR(SwitchTR<>"ON",Universe!$B$798=""),"",Universe!$B$798) | BII1: =IF(OR(SwitchTR<>"ON",Universe!$B$799=""),"",Universe!$B$799) | BIK1: =IF(OR(SwitchTR<>"ON",Universe!$B$800=""),"",Universe!$B$800) | BIM1: =IF(OR(SwitchTR<>"ON",Universe!$B$801=""),"",Universe!$B$801) | BIO1: =IF(OR(SwitchTR<>"ON",Universe!$B$802=""),"",Universe!$B$802) | BIQ1: =IF(OR(SwitchTR<>"ON",Universe!$B$803=""),"",Universe!$B$803) | BIS1: =IF(OR(SwitchTR<>"ON",Universe!$B$804=""),"",Universe!$B$804) | BIU1: =IF(OR(SwitchTR<>"ON",Universe!$B$805=""),"",Universe!$B$805) | BIW1: =IF(OR(SwitchTR<>"ON",Universe!$B$806=""),"",Universe!$B$806) | BIY1: =IF(OR(SwitchTR<>"ON",Universe!$B$807=""),"",Universe!$B$807) | BJA1: =IF(OR(SwitchTR<>"ON",Universe!$B$808=""),"",Universe!$B$808) | BJC1: =IF(OR(SwitchTR<>"ON",Universe!$B$809=""),"",Universe!$B$809) | BJE1: =IF(OR(SwitchTR<>"ON",Universe!$B$810=""),"",Universe!$B$810) | BJG1: =IF(OR(SwitchTR<>"ON",Universe!$B$811=""),"",Universe!$B$811) | BJI1: =IF(OR(SwitchTR<>"ON",Universe!$B$812=""),"",Universe!$B$812) | BJK1: =IF(OR(SwitchTR<>"ON",Universe!$B$813=""),"",Universe!$B$813) | BJM1: =IF(OR(SwitchTR<>"ON",Universe!$B$814=""),"",Universe!$B$814) | BJO1: =IF(OR(SwitchTR<>"ON",Universe!$B$815=""),"",Universe!$B$815) | BJQ1: =IF(OR(SwitchTR<>"ON",Universe!$B$816=""),"",Universe!$B$816) | BJS1: =IF(OR(SwitchTR<>"ON",Universe!$B$817=""),"",Universe!$B$817) | BJU1: =IF(OR(SwitchTR<>"ON",Universe!$B$818=""),"",Universe!$B$818) | BJW1: =IF(OR(SwitchTR<>"ON",Universe!$B$819=""),"",Universe!$B$819) | BJY1: =IF(OR(SwitchTR<>"ON",Universe!$B$820=""),"",Universe!$B$820) | BKA1: =IF(OR(SwitchTR<>"ON",Universe!$B$821=""),"",Universe!$B$821) | BKC1: =IF(OR(SwitchTR<>"ON",Universe!$B$822=""),"",Universe!$B$822) | BKE1: =IF(OR(SwitchTR<>"ON",Universe!$B$823=""),"",Universe!$B$823) | BKG1: =IF(OR(SwitchTR<>"ON",Universe!$B$824=""),"",Universe!$B$824) | BKI1: =IF(OR(SwitchTR<>"ON",Universe!$B$825=""),"",Universe!$B$825) | BKK1: =IF(OR(SwitchTR<>"ON",Universe!$B$826=""),"",Universe!$B$826) | BKM1: =IF(OR(SwitchTR<>"ON",Universe!$B$827=""),"",Universe!$B$827) | BKO1: =IF(OR(SwitchTR<>"ON",Universe!$B$828=""),"",Universe!$B$828) | BKQ1: =IF(OR(SwitchTR<>"ON",Universe!$B$829=""),"",Universe!$B$829) | BKS1: =IF(OR(SwitchTR<>"ON",Universe!$B$830=""),"",Universe!$B$830) | BKU1: =IF(OR(SwitchTR<>"ON",Universe!$B$831=""),"",Universe!$B$831) | BKW1: =IF(OR(SwitchTR<>"ON",Universe!$B$832=""),"",Universe!$B$832) | BKY1: =IF(OR(SwitchTR<>"ON",Universe!$B$833=""),"",Universe!$B$833) | BLA1: =IF(OR(SwitchTR<>"ON",Universe!$B$834=""),"",Universe!$B$834) | BLC1: =IF(OR(SwitchTR<>"ON",Universe!$B$835=""),"",Universe!$B$835) | BLE1: =IF(OR(SwitchTR<>"ON",Universe!$B$836=""),"",Universe!$B$836) | BLG1: =IF(OR(SwitchTR<>"ON",Universe!$B$837=""),"",Universe!$B$837) | BLI1: =IF(OR(SwitchTR<>"ON",Universe!$B$838=""),"",Universe!$B$838) | BLK1: =IF(OR(SwitchTR<>"ON",Universe!$B$839=""),"",Universe!$B$839) | BLM1: =IF(OR(SwitchTR<>"ON",Universe!$B$840=""),"",Universe!$B$840) | BLO1: =IF(OR(SwitchTR<>"ON",Universe!$B$841=""),"",Universe!$B$841) | BLQ1: =IF(OR(SwitchTR<>"ON",Universe!$B$842=""),"",Universe!$B$842) | BLS1: =IF(OR(SwitchTR<>"ON",Universe!$B$843=""),"",Universe!$B$843) | BLU1: =IF(OR(SwitchTR<>"ON",Universe!$B$844=""),"",Universe!$B$844) | BLW1: =IF(OR(SwitchTR<>"ON",Universe!$B$845=""),"",Universe!$B$845) | BLY1: =IF(OR(SwitchTR<>"ON",Universe!$B$846=""),"",Universe!$B$846) | BMA1: =IF(OR(SwitchTR<>"ON",Universe!$B$847=""),"",Universe!$B$847) | BMC1: =IF(OR(SwitchTR<>"ON",Universe!$B$848=""),"",Universe!$B$848) | BME1: =IF(OR(SwitchTR<>"ON",Universe!$B$849=""),"",Universe!$B$849) | BMG1: =IF(OR(SwitchTR<>"ON",Universe!$B$850=""),"",Universe!$B$850) | BMI1: =IF(OR(SwitchTR<>"ON",Universe!$B$851=""),"",Universe!$B$851) | BMK1: =IF(OR(SwitchTR<>"ON",Universe!$B$852=""),"",Universe!$B$852) | BMM1: =IF(OR(SwitchTR<>"ON",Universe!$B$853=""),"",Universe!$B$853) | BMO1: =IF(OR(SwitchTR<>"ON",Universe!$B$854=""),"",Universe!$B$854) | BMQ1: =IF(OR(SwitchTR<>"ON",Universe!$B$855=""),"",Universe!$B$855) | BMS1: =IF(OR(SwitchTR<>"ON",Universe!$B$856=""),"",Universe!$B$856) | BMU1: =IF(OR(SwitchTR<>"ON",Universe!$B$857=""),"",Universe!$B$857) | BMW1: =IF(OR(SwitchTR<>"ON",Universe!$B$858=""),"",Universe!$B$858) | BMY1: =IF(OR(SwitchTR<>"ON",Universe!$B$859=""),"",Universe!$B$859) | BNA1: =IF(OR(SwitchTR<>"ON",Universe!$B$860=""),"",Universe!$B$860) | BNC1: =IF(OR(SwitchTR<>"ON",Universe!$B$861=""),"",Universe!$B$861) | BNE1: =IF(OR(SwitchTR<>"ON",Universe!$B$862=""),"",Universe!$B$862) | BNG1: =IF(OR(SwitchTR<>"ON",Universe!$B$863=""),"",Universe!$B$863) | BNI1: =IF(OR(SwitchTR<>"ON",Universe!$B$864=""),"",Universe!$B$864) | BNK1: =IF(OR(SwitchTR<>"ON",Universe!$B$865=""),"",Universe!$B$865) | BNM1: =IF(OR(SwitchTR<>"ON",Universe!$B$866=""),"",Universe!$B$866) | BNO1: =IF(OR(SwitchTR<>"ON",Universe!$B$867=""),"",Universe!$B$867) | BNQ1: =IF(OR(SwitchTR<>"ON",Universe!$B$868=""),"",Universe!$B$868) | BNS1: =IF(OR(SwitchTR<>"ON",Universe!$B$869=""),"",Universe!$B$869) | BNU1: =IF(OR(SwitchTR<>"ON",Universe!$B$870=""),"",Universe!$B$870) | BNW1: =IF(OR(SwitchTR<>"ON",Universe!$B$871=""),"",Universe!$B$871) | BNY1: =IF(OR(SwitchTR<>"ON",Universe!$B$872=""),"",Universe!$B$872) | BOA1: =IF(OR(SwitchTR<>"ON",Universe!$B$873=""),"",Universe!$B$873) | BOC1: =IF(OR(SwitchTR<>"ON",Universe!$B$874=""),"",Universe!$B$874) | BOE1: =IF(OR(SwitchTR<>"ON",Universe!$B$875=""),"",Universe!$B$875) | BOG1: =IF(OR(SwitchTR<>"ON",Universe!$B$876=""),"",Universe!$B$876) | BOI1: =IF(OR(SwitchTR<>"ON",Universe!$B$877=""),"",Universe!$B$877) | BOK1: =IF(OR(SwitchTR<>"ON",Universe!$B$878=""),"",Universe!$B$878) | BOM1: =IF(OR(SwitchTR<>"ON",Universe!$B$879=""),"",Universe!$B$879) | BOO1: =IF(OR(SwitchTR<>"ON",Universe!$B$880=""),"",Universe!$B$880) | BOQ1: =IF(OR(SwitchTR<>"ON",Universe!$B$881=""),"",Universe!$B$881) | BOS1: =IF(OR(SwitchTR<>"ON",Universe!$B$882=""),"",Universe!$B$882) | BOU1: =IF(OR(SwitchTR<>"ON",Universe!$B$883=""),"",Universe!$B$883) | BOW1: =IF(OR(SwitchTR<>"ON",Universe!$B$884=""),"",Universe!$B$884) | BOY1: =IF(OR(SwitchTR<>"ON",Universe!$B$885=""),"",Universe!$B$885) | BPA1: =IF(OR(SwitchTR<>"ON",Universe!$B$886=""),"",Universe!$B$886) | BPC1: =IF(OR(SwitchTR<>"ON",Universe!$B$887=""),"",Universe!$B$887) | BPE1: =IF(OR(SwitchTR<>"ON",Universe!$B$888=""),"",Universe!$B$888) | BPG1: =IF(OR(SwitchTR<>"ON",Universe!$B$889=""),"",Universe!$B$889) | BPI1: =IF(OR(SwitchTR<>"ON",Universe!$B$890=""),"",Universe!$B$890) | BPK1: =IF(OR(SwitchTR<>"ON",Universe!$B$891=""),"",Universe!$B$891) | BPM1: =IF(OR(SwitchTR<>"ON",Universe!$B$892=""),"",Universe!$B$892) | BPO1: =IF(OR(SwitchTR<>"ON",Universe!$B$893=""),"",Universe!$B$893) | BPQ1: =IF(OR(SwitchTR<>"ON",Universe!$B$894=""),"",Universe!$B$894) | BPS1: =IF(OR(SwitchTR<>"ON",Universe!$B$895=""),"",Universe!$B$895) | BPU1: =IF(OR(SwitchTR<>"ON",Universe!$B$896=""),"",Universe!$B$896) | BPW1: =IF(OR(SwitchTR<>"ON",Universe!$B$897=""),"",Universe!$B$897) | BPY1: =IF(OR(SwitchTR<>"ON",Universe!$B$898=""),"",Universe!$B$898) | BQA1: =IF(OR(SwitchTR<>"ON",Universe!$B$899=""),"",Universe!$B$899) | BQC1: =IF(OR(SwitchTR<>"ON",Universe!$B$900=""),"",Universe!$B$900) | BQE1: =IF(OR(SwitchTR<>"ON",Universe!$B$901=""),"",Universe!$B$901) | BQG1: =IF(OR(SwitchTR<>"ON",Universe!$B$902=""),"",Universe!$B$902) | BQI1: =IF(OR(SwitchTR<>"ON",Universe!$B$903=""),"",Universe!$B$903) | BQK1: =IF(OR(SwitchTR<>"ON",Universe!$B$904=""),"",Universe!$B$904) | BQM1: =IF(OR(SwitchTR<>"ON",Universe!$B$905=""),"",Universe!$B$905) | BQO1: =IF(OR(SwitchTR<>"ON",Universe!$B$906=""),"",Universe!$B$906) | BQQ1: =IF(OR(SwitchTR<>"ON",Universe!$B$907=""),"",Universe!$B$907) | BQS1: =IF(OR(SwitchTR<>"ON",Universe!$B$908=""),"",Universe!$B$908) | BQU1: =IF(OR(SwitchTR<>"ON",Universe!$B$909=""),"",Universe!$B$909) | BQW1: =IF(OR(SwitchTR<>"ON",Universe!$B$910=""),"",Universe!$B$910) | BQY1: =IF(OR(SwitchTR<>"ON",Universe!$B$911=""),"",Universe!$B$911) | BRA1: =IF(OR(SwitchTR<>"ON",Universe!$B$912=""),"",Universe!$B$912) | BRC1: =IF(OR(SwitchTR<>"ON",Universe!$B$913=""),"",Universe!$B$913) | BRE1: =IF(OR(SwitchTR<>"ON",Universe!$B$914=""),"",Universe!$B$914) | BRG1: =IF(OR(SwitchTR<>"ON",Universe!$B$915=""),"",Universe!$B$915) | BRI1: =IF(OR(SwitchTR<>"ON",Universe!$B$916=""),"",Universe!$B$916) | BRK1: =IF(OR(SwitchTR<>"ON",Universe!$B$917=""),"",Universe!$B$917) | BRM1: =IF(OR(SwitchTR<>"ON",Universe!$B$918=""),"",Universe!$B$918) | BRO1: =IF(OR(SwitchTR<>"ON",Universe!$B$919=""),"",Universe!$B$919) | BRQ1: =IF(OR(SwitchTR<>"ON",Universe!$B$920=""),"",Universe!$B$920) | BRS1: =IF(OR(SwitchTR<>"ON",Universe!$B$921=""),"",Universe!$B$921) | BRU1: =IF(OR(SwitchTR<>"ON",Universe!$B$922=""),"",Universe!$B$922) | BRW1: =IF(OR(SwitchTR<>"ON",Universe!$B$923=""),"",Universe!$B$923) | BRY1: =IF(OR(SwitchTR<>"ON",Universe!$B$924=""),"",Universe!$B$924) | BSA1: =IF(OR(SwitchTR<>"ON",Universe!$B$925=""),"",Universe!$B$925) | BSC1: =IF(OR(SwitchTR<>"ON",Universe!$B$926=""),"",Universe!$B$926) | BSE1: =IF(OR(SwitchTR<>"ON",Universe!$B$927=""),"",Universe!$B$927) | BSG1: =IF(OR(SwitchTR<>"ON",Universe!$B$928=""),"",Universe!$B$928) | BSI1: =IF(OR(SwitchTR<>"ON",Universe!$B$929=""),"",Universe!$B$929) | BSK1: =IF(OR(SwitchTR<>"ON",Universe!$B$930=""),"",Universe!$B$930) | BSM1: =IF(OR(SwitchTR<>"ON",Universe!$B$931=""),"",Universe!$B$931) | BSO1: =IF(OR(SwitchTR<>"ON",Universe!$B$932=""),"",Universe!$B$932) | BSQ1: =IF(OR(SwitchTR<>"ON",Universe!$B$933=""),"",Universe!$B$933) | BSS1: =IF(OR(SwitchTR<>"ON",Universe!$B$934=""),"",Universe!$B$934) | BSU1: =IF(OR(SwitchTR<>"ON",Universe!$B$935=""),"",Universe!$B$935) | BSW1: =IF(OR(SwitchTR<>"ON",Universe!$B$936=""),"",Universe!$B$936) | BSY1: =IF(OR(SwitchTR<>"ON",Universe!$B$937=""),"",Universe!$B$937) | BTA1: =IF(OR(SwitchTR<>"ON",Universe!$B$938=""),"",Universe!$B$938) | BTC1: =IF(OR(SwitchTR<>"ON",Universe!$B$939=""),"",Universe!$B$939) | BTE1: =IF(OR(SwitchTR<>"ON",Universe!$B$940=""),"",Universe!$B$940) | BTG1: =IF(OR(SwitchTR<>"ON",Universe!$B$941=""),"",Universe!$B$941) | BTI1: =IF(OR(SwitchTR<>"ON",Universe!$B$942=""),"",Universe!$B$942) | BTK1: =IF(OR(SwitchTR<>"ON",Universe!$B$943=""),"",Universe!$B$943) | BTM1: =IF(OR(SwitchTR<>"ON",Universe!$B$944=""),"",Universe!$B$944) | BTO1: =IF(OR(SwitchTR<>"ON",Universe!$B$945=""),"",Universe!$B$945) | BTQ1: =IF(OR(SwitchTR<>"ON",Universe!$B$946=""),"",Universe!$B$946) | BTS1: =IF(OR(SwitchTR<>"ON",Universe!$B$947=""),"",Universe!$B$947) | BTU1: =IF(OR(SwitchTR<>"ON",Universe!$B$948=""),"",Universe!$B$948) | BTW1: =IF(OR(SwitchTR<>"ON",Universe!$B$949=""),"",Universe!$B$949) | BTY1: =IF(OR(SwitchTR<>"ON",Universe!$B$950=""),"",Universe!$B$950) | BUA1: =IF(OR(SwitchTR<>"ON",Universe!$B$951=""),"",Universe!$B$951) | BUC1: =IF(OR(SwitchTR<>"ON",Universe!$B$952=""),"",Universe!$B$952) | BUE1: =IF(OR(SwitchTR<>"ON",Universe!$B$953=""),"",Universe!$B$953) | BUG1: =IF(OR(SwitchTR<>"ON",Universe!$B$954=""),"",Universe!$B$954) | BUI1: =IF(OR(SwitchTR<>"ON",Universe!$B$955=""),"",Universe!$B$955) | BUK1: =IF(OR(SwitchTR<>"ON",Universe!$B$956=""),"",Universe!$B$956) | BUM1: =IF(OR(SwitchTR<>"ON",Universe!$B$957=""),"",Universe!$B$957) | BUO1: =IF(OR(SwitchTR<>"ON",Universe!$B$958=""),"",Universe!$B$958) | BUQ1: =IF(OR(SwitchTR<>"ON",Universe!$B$959=""),"",Universe!$B$959) | BUS1: =IF(OR(SwitchTR<>"ON",Universe!$B$960=""),"",Universe!$B$960) | BUU1: =IF(OR(SwitchTR<>"ON",Universe!$B$961=""),"",Universe!$B$961) | BUW1: =IF(OR(SwitchTR<>"ON",Universe!$B$962=""),"",Universe!$B$962) | BUY1: =IF(OR(SwitchTR<>"ON",Universe!$B$963=""),"",Universe!$B$963) | BVA1: =IF(OR(SwitchTR<>"ON",Universe!$B$964=""),"",Universe!$B$964) | BVC1: =IF(OR(SwitchTR<>"ON",Universe!$B$965=""),"",Universe!$B$965) | BVE1: =IF(OR(SwitchTR<>"ON",Universe!$B$966=""),"",Universe!$B$966) | BVG1: =IF(OR(SwitchTR<>"ON",Universe!$B$967=""),"",Universe!$B$967) | BVI1: =IF(OR(SwitchTR<>"ON",Universe!$B$968=""),"",Universe!$B$968) | BVK1: =IF(OR(SwitchTR<>"ON",Universe!$B$969=""),"",Universe!$B$969) | BVM1: =IF(OR(SwitchTR<>"ON",Universe!$B$970=""),"",Universe!$B$970) | BVO1: =IF(OR(SwitchTR<>"ON",Universe!$B$971=""),"",Universe!$B$971) | BVQ1: =IF(OR(SwitchTR<>"ON",Universe!$B$972=""),"",Universe!$B$972) | BVS1: =IF(OR(SwitchTR<>"ON",Universe!$B$973=""),"",Universe!$B$973) | BVU1: =IF(OR(SwitchTR<>"ON",Universe!$B$974=""),"",Universe!$B$974) | BVW1: =IF(OR(SwitchTR<>"ON",Universe!$B$975=""),"",Universe!$B$975) | BVY1: =IF(OR(SwitchTR<>"ON",Universe!$B$976=""),"",Universe!$B$976) | BWA1: =IF(OR(SwitchTR<>"ON",Universe!$B$977=""),"",Universe!$B$977) | BWC1: =IF(OR(SwitchTR<>"ON",Universe!$B$978=""),"",Universe!$B$978) | BWE1: =IF(OR(SwitchTR<>"ON",Universe!$B$979=""),"",Universe!$B$979) | BWG1: =IF(OR(SwitchTR<>"ON",Universe!$B$980=""),"",Universe!$B$980) | BWI1: =IF(OR(SwitchTR<>"ON",Universe!$B$981=""),"",Universe!$B$981) | BWK1: =IF(OR(SwitchTR<>"ON",Universe!$B$982=""),"",Universe!$B$982) | BWM1: =IF(OR(SwitchTR<>"ON",Universe!$B$983=""),"",Universe!$B$983) | BWO1: =IF(OR(SwitchTR<>"ON",Universe!$B$984=""),"",Universe!$B$984) | BWQ1: =IF(OR(SwitchTR<>"ON",Universe!$B$985=""),"",Universe!$B$985) | BWS1: =IF(OR(SwitchTR<>"ON",Universe!$B$986=""),"",Universe!$B$986) | BWU1: =IF(OR(SwitchTR<>"ON",Universe!$B$987=""),"",Universe!$B$987) | BWW1: =IF(OR(SwitchTR<>"ON",Universe!$B$988=""),"",Universe!$B$988) | BWY1: =IF(OR(SwitchTR<>"ON",Universe!$B$989=""),"",Universe!$B$989) | BXA1: =IF(OR(SwitchTR<>"ON",Universe!$B$990=""),"",Universe!$B$990) | BXC1: =IF(OR(SwitchTR<>"ON",Universe!$B$991=""),"",Universe!$B$991) | BXE1: =IF(OR(SwitchTR<>"ON",Universe!$B$992=""),"",Universe!$B$992) | BXG1: =IF(OR(SwitchTR<>"ON",Universe!$B$993=""),"",Universe!$B$993) | BXI1: =IF(OR(SwitchTR<>"ON",Universe!$B$994=""),"",Universe!$B$994) | BXK1: =IF(OR(SwitchTR<>"ON",Universe!$B$995=""),"",Universe!$B$995) | BXM1: =IF(OR(SwitchTR<>"ON",Universe!$B$996=""),"",Universe!$B$996) | BXO1: =IF(OR(SwitchTR<>"ON",Universe!$B$997=""),"",Universe!$B$997) | BXQ1: =IF(OR(SwitchTR<>"ON",Universe!$B$998=""),"",Universe!$B$998) | BXS1: =IF(OR(SwitchTR<>"ON",Universe!$B$999=""),"",Universe!$B$999) | BXU1: =IF(OR(SwitchTR<>"ON",Universe!$B$1000=""),"",Universe!$B$1000) | BXW1: =IF(OR(SwitchTR<>"ON",Universe!$B$1001=""),"",Universe!$B$1001) | BXY1: =IF(OR(SwitchTR<>"ON",Universe!$B$1002=""),"",Universe!$B$1002) | BYA1: =IF(OR(SwitchTR<>"ON",Universe!$B$1003=""),"",Universe!$B$1003) | BYC1: =IF(OR(SwitchTR<>"ON",Universe!$B$1004=""),"",Universe!$B$1004) | BYE1: =IF(OR(SwitchTR<>"ON",Universe!$B$1005=""),"",Universe!$B$1005) | BYG1: =IF(OR(SwitchTR<>"ON",Universe!$B$1006=""),"",Universe!$B$1006) | BYI1: =IF(OR(SwitchTR<>"ON",Universe!$B$1007=""),"",Universe!$B$1007) | BYK1: =IF(OR(SwitchTR<>"ON",Universe!$B$1008=""),"",Universe!$B$1008) | BYM1: =IF(OR(SwitchTR<>"ON",Universe!$B$1009=""),"",Universe!$B$1009) | BYO1: =IF(OR(SwitchTR<>"ON",Universe!$B$1010=""),"",Universe!$B$1010) | BYQ1: =IF(OR(SwitchTR<>"ON",Universe!$B$1011=""),"",Universe!$B$1011) | BYS1: =IF(OR(SwitchTR<>"ON",Universe!$B$1012=""),"",Universe!$B$1012) | BYU1: =IF(OR(SwitchTR<>"ON",Universe!$B$1013=""),"",Universe!$B$1013) | BYW1: =IF(OR(SwitchTR<>"ON",Universe!$B$1014=""),"",Universe!$B$1014) | BYY1: =IF(OR(SwitchTR<>"ON",Universe!$B$1015=""),"",Universe!$B$1015) | BZA1: =IF(OR(SwitchTR<>"ON",Universe!$B$1016=""),"",Universe!$B$1016) | BZC1: =IF(OR(SwitchTR<>"ON",Universe!$B$1017=""),"",Universe!$B$1017) | BZE1: =IF(OR(SwitchTR<>"ON",Universe!$B$1018=""),"",Universe!$B$1018) | BZG1: =IF(OR(SwitchTR<>"ON",Universe!$B$1019=""),"",Universe!$B$1019) | BZI1: =IF(OR(SwitchTR<>"ON",Universe!$B$1020=""),"",Universe!$B$1020) | BZK1: =IF(OR(SwitchTR<>"ON",Universe!$B$1021=""),"",Universe!$B$1021) | BZM1: =IF(OR(SwitchTR<>"ON",Universe!$B$1022=""),"",Universe!$B$1022) | BZO1: =IF(OR(SwitchTR<>"ON",Universe!$B$1023=""),"",Universe!$B$1023) | BZQ1: =IF(OR(SwitchTR<>"ON",Universe!$B$1024=""),"",Universe!$B$1024) | BZS1: =IF(OR(SwitchTR<>"ON",Universe!$B$1025=""),"",Universe!$B$1025) | BZU1: =IF(OR(SwitchTR<>"ON",Universe!$B$1026=""),"",Universe!$B$1026) | BZW1: =IF(OR(SwitchTR<>"ON",Universe!$B$1027=""),"",Universe!$B$1027) | BZY1: =IF(OR(SwitchTR<>"ON",Universe!$B$1028=""),"",Universe!$B$1028) | CAA1: =IF(OR(SwitchTR<>"ON",Universe!$B$1029=""),"",Universe!$B$1029) | CAC1: =IF(OR(SwitchTR<>"ON",Universe!$B$1030=""),"",Universe!$B$1030) | CAE1: =IF(OR(SwitchTR<>"ON",Universe!$B$1031=""),"",Universe!$B$1031) | CAG1: =IF(OR(SwitchTR<>"ON",Universe!$B$1032=""),"",Universe!$B$1032) | CAI1: =IF(OR(SwitchTR<>"ON",Universe!$B$1033=""),"",Universe!$B$1033) | CAK1: =IF(OR(SwitchTR<>"ON",Universe!$B$1034=""),"",Universe!$B$1034) | CAM1: =IF(OR(SwitchTR<>"ON",Universe!$B$1035=""),"",Universe!$B$1035) | CAO1: =IF(OR(SwitchTR<>"ON",Universe!$B$1036=""),"",Universe!$B$1036) | CAQ1: =IF(OR(SwitchTR<>"ON",Universe!$B$1037=""),"",Universe!$B$1037) | CAS1: =IF(OR(SwitchTR<>"ON",Universe!$B$1038=""),"",Universe!$B$1038) | CAU1: =IF(OR(SwitchTR<>"ON",Universe!$B$1039=""),"",Universe!$B$1039) | CAW1: =IF(OR(SwitchTR<>"ON",Universe!$B$1040=""),"",Universe!$B$1040) | CAY1: =IF(OR(SwitchTR<>"ON",Universe!$B$1041=""),"",Universe!$B$1041) | CBA1: =IF(OR(SwitchTR<>"ON",Universe!$B$1042=""),"",Universe!$B$1042) | CBC1: =IF(OR(SwitchTR<>"ON",Universe!$B$1043=""),"",Universe!$B$1043) | CBE1: =IF(OR(SwitchTR<>"ON",Universe!$B$1044=""),"",Universe!$B$1044) | CBG1: =IF(OR(SwitchTR<>"ON",Universe!$B$1045=""),"",Universe!$B$1045) | CBI1: =IF(OR(SwitchTR<>"ON",Universe!$B$1046=""),"",Universe!$B$1046) | CBK1: =IF(OR(SwitchTR<>"ON",Universe!$B$1047=""),"",Universe!$B$1047) | CBM1: =IF(OR(SwitchTR<>"ON",Universe!$B$1048=""),"",Universe!$B$1048) | CBO1: =IF(OR(SwitchTR<>"ON",Universe!$B$1049=""),"",Universe!$B$1049) | CBQ1: =IF(OR(SwitchTR<>"ON",Universe!$B$1050=""),"",Universe!$B$1050) | CBS1: =IF(OR(SwitchTR<>"ON",Universe!$B$1051=""),"",Universe!$B$1051) | CBU1: =IF(OR(SwitchTR<>"ON",Universe!$B$1052=""),"",Universe!$B$1052) | CBW1: =IF(OR(SwitchTR<>"ON",Universe!$B$1053=""),"",Universe!$B$1053) | CBY1: =IF(OR(SwitchTR<>"ON",Universe!$B$1054=""),"",Universe!$B$1054) | CCA1: =IF(OR(SwitchTR<>"ON",Universe!$B$1055=""),"",Universe!$B$1055) | CCC1: =IF(OR(SwitchTR<>"ON",Universe!$B$1056=""),"",Universe!$B$1056) | CCE1: =IF(OR(SwitchTR<>"ON",Universe!$B$1057=""),"",Universe!$B$1057) | CCG1: =IF(OR(SwitchTR<>"ON",Universe!$B$1058=""),"",Universe!$B$1058) | CCI1: =IF(OR(SwitchTR<>"ON",Universe!$B$1059=""),"",Universe!$B$1059) | CCK1: =IF(OR(SwitchTR<>"ON",Universe!$B$1060=""),"",Universe!$B$1060) | CCM1: =IF(OR(SwitchTR<>"ON",Universe!$B$1061=""),"",Universe!$B$1061) | CCO1: =IF(OR(SwitchTR<>"ON",Universe!$B$1062=""),"",Universe!$B$1062) | CCQ1: =IF(OR(SwitchTR<>"ON",Universe!$B$1063=""),"",Universe!$B$1063) | CCS1: =IF(OR(SwitchTR<>"ON",Universe!$B$1064=""),"",Universe!$B$1064) | CCU1: =IF(OR(SwitchTR<>"ON",Universe!$B$1065=""),"",Universe!$B$1065) | CCW1: =IF(OR(SwitchTR<>"ON",Universe!$B$1066=""),"",Universe!$B$1066) | CCY1: =IF(OR(SwitchTR<>"ON",Universe!$B$1067=""),"",Universe!$B$1067) | CDA1: =IF(OR(SwitchTR<>"ON",Universe!$B$1068=""),"",Universe!$B$1068) | CDC1: =IF(OR(SwitchTR<>"ON",Universe!$B$1069=""),"",Universe!$B$1069) | CDE1: =IF(OR(SwitchTR<>"ON",Universe!$B$1070=""),"",Universe!$B$1070) | CDG1: =IF(OR(SwitchTR<>"ON",Universe!$B$1071=""),"",Universe!$B$1071) | CDI1: =IF(OR(SwitchTR<>"ON",Universe!$B$1072=""),"",Universe!$B$1072) | CDK1: =IF(OR(SwitchTR<>"ON",Universe!$B$1073=""),"",Universe!$B$1073) | CDM1: =IF(OR(SwitchTR<>"ON",Universe!$B$1074=""),"",Universe!$B$1074) | CDO1: =IF(OR(SwitchTR<>"ON",Universe!$B$1075=""),"",Universe!$B$1075) | CDQ1: =IF(OR(SwitchTR<>"ON",Universe!$B$1076=""),"",Universe!$B$1076) | CDS1: =IF(OR(SwitchTR<>"ON",Universe!$B$1077=""),"",Universe!$B$1077) | CDU1: =IF(OR(SwitchTR<>"ON",Universe!$B$1078=""),"",Universe!$B$1078) | CDW1: =IF(OR(SwitchTR<>"ON",Universe!$B$1079=""),"",Universe!$B$1079) | CDY1: =IF(OR(SwitchTR<>"ON",Universe!$B$1080=""),"",Universe!$B$1080) | CEA1: =IF(OR(SwitchTR<>"ON",Universe!$B$1081=""),"",Universe!$B$1081) | CEC1: =IF(OR(SwitchTR<>"ON",Universe!$B$1082=""),"",Universe!$B$1082) | CEE1: =IF(OR(SwitchTR<>"ON",Universe!$B$1083=""),"",Universe!$B$1083) | CEG1: =IF(OR(SwitchTR<>"ON",Universe!$B$1084=""),"",Universe!$B$1084) | CEI1: =IF(OR(SwitchTR<>"ON",Universe!$B$1085=""),"",Universe!$B$1085) | CEK1: =IF(OR(SwitchTR<>"ON",Universe!$B$1086=""),"",Universe!$B$1086) | CEM1: =IF(OR(SwitchTR<>"ON",Universe!$B$1087=""),"",Universe!$B$1087) | CEO1: =IF(OR(SwitchTR<>"ON",Universe!$B$1088=""),"",Universe!$B$1088) | CEQ1: =IF(OR(SwitchTR<>"ON",Universe!$B$1089=""),"",Universe!$B$1089) | CES1: =IF(OR(SwitchTR<>"ON",Universe!$B$1090=""),"",Universe!$B$1090) | CEU1: =IF(OR(SwitchTR<>"ON",Universe!$B$1091=""),"",Universe!$B$1091) | CEW1: =IF(OR(SwitchTR<>"ON",Universe!$B$1092=""),"",Universe!$B$1092) | CEY1: =IF(OR(SwitchTR<>"ON",Universe!$B$1093=""),"",Universe!$B$1093) | CFA1: =IF(OR(SwitchTR<>"ON",Universe!$B$1094=""),"",Universe!$B$1094) | CFC1: =IF(OR(SwitchTR<>"ON",Universe!$B$1095=""),"",Universe!$B$1095) | CFE1: =IF(OR(SwitchTR<>"ON",Universe!$B$1096=""),"",Universe!$B$1096) | CFG1: =IF(OR(SwitchTR<>"ON",Universe!$B$1097=""),"",Universe!$B$1097) | CFI1: =IF(OR(SwitchTR<>"ON",Universe!$B$1098=""),"",Universe!$B$1098) | CFK1: =IF(OR(SwitchTR<>"ON",Universe!$B$1099=""),"",Universe!$B$1099) | CFM1: =IF(OR(SwitchTR<>"ON",Universe!$B$1100=""),"",Universe!$B$1100) | CFO1: =IF(OR(SwitchTR<>"ON",Universe!$B$1101=""),"",Universe!$B$1101) | CFQ1: =IF(OR(SwitchTR<>"ON",Universe!$B$1102=""),"",Universe!$B$1102) | CFS1: =IF(OR(SwitchTR<>"ON",Universe!$B$1103=""),"",Universe!$B$1103) | CFU1: =IF(OR(SwitchTR<>"ON",Universe!$B$1104=""),"",Universe!$B$1104) | CFW1: =IF(OR(SwitchTR<>"ON",Universe!$B$1105=""),"",Universe!$B$1105) | CFY1: =IF(OR(SwitchTR<>"ON",Universe!$B$1106=""),"",Universe!$B$1106) | CGA1: =IF(OR(SwitchTR<>"ON",Universe!$B$1107=""),"",Universe!$B$1107) | CGC1: =IF(OR(SwitchTR<>"ON",Universe!$B$1108=""),"",Universe!$B$1108) | CGE1: =IF(OR(SwitchTR<>"ON",Universe!$B$1109=""),"",Universe!$B$1109) | CGG1: =IF(OR(SwitchTR<>"ON",Universe!$B$1110=""),"",Universe!$B$1110) | CGI1: =IF(OR(SwitchTR<>"ON",Universe!$B$1111=""),"",Universe!$B$1111) | CGK1: =IF(OR(SwitchTR<>"ON",Universe!$B$1112=""),"",Universe!$B$1112) | CGM1: =IF(OR(SwitchTR<>"ON",Universe!$B$1113=""),"",Universe!$B$1113) | CGO1: =IF(OR(SwitchTR<>"ON",Universe!$B$1114=""),"",Universe!$B$1114) | CGQ1: =IF(OR(SwitchTR<>"ON",Universe!$B$1115=""),"",Universe!$B$1115) | CGS1: =IF(OR(SwitchTR<>"ON",Universe!$B$1116=""),"",Universe!$B$1116) | CGU1: =IF(OR(SwitchTR<>"ON",Universe!$B$1117=""),"",Universe!$B$1117) | CGW1: =IF(OR(SwitchTR<>"ON",Universe!$B$1118=""),"",Universe!$B$1118) | CGY1: =IF(OR(SwitchTR<>"ON",Universe!$B$1119=""),"",Universe!$B$1119) | CHA1: =IF(OR(SwitchTR<>"ON",Universe!$B$1120=""),"",Universe!$B$1120) | CHC1: =IF(OR(SwitchTR<>"ON",Universe!$B$1121=""),"",Universe!$B$1121) | CHE1: =IF(OR(SwitchTR<>"ON",Universe!$B$1122=""),"",Universe!$B$1122) | CHG1: =IF(OR(SwitchTR<>"ON",Universe!$B$1123=""),"",Universe!$B$1123) | CHI1: =IF(OR(SwitchTR<>"ON",Universe!$B$1124=""),"",Universe!$B$1124) | CHK1: =IF(OR(SwitchTR<>"ON",Universe!$B$1125=""),"",Universe!$B$1125) | CHM1: =IF(OR(SwitchTR<>"ON",Universe!$B$1126=""),"",Universe!$B$1126) | CHO1: =IF(OR(SwitchTR<>"ON",Universe!$B$1127=""),"",Universe!$B$1127) | CHQ1: =IF(OR(SwitchTR<>"ON",Universe!$B$1128=""),"",Universe!$B$1128) | CHS1: =IF(OR(SwitchTR<>"ON",Universe!$B$1129=""),"",Universe!$B$1129) | CHU1: =IF(OR(SwitchTR<>"ON",Universe!$B$1130=""),"",Universe!$B$1130) | CHW1: =IF(OR(SwitchTR<>"ON",Universe!$B$1131=""),"",Universe!$B$1131) | CHY1: =IF(OR(SwitchTR<>"ON",Universe!$B$1132=""),"",Universe!$B$1132) | CIA1: =IF(OR(SwitchTR<>"ON",Universe!$B$1133=""),"",Universe!$B$1133) | CIC1: =IF(OR(SwitchTR<>"ON",Universe!$B$1134=""),"",Universe!$B$1134) | CIE1: =IF(OR(SwitchTR<>"ON",Universe!$B$1135=""),"",Universe!$B$1135) | CIG1: =IF(OR(SwitchTR<>"ON",Universe!$B$1136=""),"",Universe!$B$1136) | CII1: =IF(OR(SwitchTR<>"ON",Universe!$B$1137=""),"",Universe!$B$1137) | CIK1: =IF(OR(SwitchTR<>"ON",Universe!$B$1138=""),"",Universe!$B$1138) | CIM1: =IF(OR(SwitchTR<>"ON",Universe!$B$1139=""),"",Universe!$B$1139) | CIO1: =IF(OR(SwitchTR<>"ON",Universe!$B$1140=""),"",Universe!$B$1140) | CIQ1: =IF(OR(SwitchTR<>"ON",Universe!$B$1141=""),"",Universe!$B$1141) | CIS1: =IF(OR(SwitchTR<>"ON",Universe!$B$1142=""),"",Universe!$B$1142) | CIU1: =IF(OR(SwitchTR<>"ON",Universe!$B$1143=""),"",Universe!$B$1143) | CIW1: =IF(OR(SwitchTR<>"ON",Universe!$B$1144=""),"",Universe!$B$1144) | CIY1: =IF(OR(SwitchTR<>"ON",Universe!$B$1145=""),"",Universe!$B$1145) | CJA1: =IF(OR(SwitchTR<>"ON",Universe!$B$1146=""),"",Universe!$B$1146) | CJC1: =IF(OR(SwitchTR<>"ON",Universe!$B$1147=""),"",Universe!$B$1147) | CJE1: =IF(OR(SwitchTR<>"ON",Universe!$B$1148=""),"",Universe!$B$1148) | CJG1: =IF(OR(SwitchTR<>"ON",Universe!$B$1149=""),"",Universe!$B$1149) | CJI1: =IF(OR(SwitchTR<>"ON",Universe!$B$1150=""),"",Universe!$B$1150) | CJK1: =IF(OR(SwitchTR<>"ON",Universe!$B$1151=""),"",Universe!$B$1151) | CJM1: =IF(OR(SwitchTR<>"ON",Universe!$B$1152=""),"",Universe!$B$1152) | CJO1: =IF(OR(SwitchTR<>"ON",Universe!$B$1153=""),"",Universe!$B$1153) | CJQ1: =IF(OR(SwitchTR<>"ON",Universe!$B$1154=""),"",Universe!$B$1154) | CJS1: =IF(OR(SwitchTR<>"ON",Universe!$B$1155=""),"",Universe!$B$1155) | CJU1: =IF(OR(SwitchTR<>"ON",Universe!$B$1156=""),"",Universe!$B$1156) | CJW1: =IF(OR(SwitchTR<>"ON",Universe!$B$1157=""),"",Universe!$B$1157) | CJY1: =IF(OR(SwitchTR<>"ON",Universe!$B$1158=""),"",Universe!$B$1158) | CKA1: =IF(OR(SwitchTR<>"ON",Universe!$B$1159=""),"",Universe!$B$1159) | CKC1: =IF(OR(SwitchTR<>"ON",Universe!$B$1160=""),"",Universe!$B$1160) | CKE1: =IF(OR(SwitchTR<>"ON",Universe!$B$1161=""),"",Universe!$B$1161) | CKG1: =IF(OR(SwitchTR<>"ON",Universe!$B$1162=""),"",Universe!$B$1162) | CKI1: =IF(OR(SwitchTR<>"ON",Universe!$B$1163=""),"",Universe!$B$1163) | CKK1: =IF(OR(SwitchTR<>"ON",Universe!$B$1164=""),"",Universe!$B$1164) | CKM1: =IF(OR(SwitchTR<>"ON",Universe!$B$1165=""),"",Universe!$B$1165) | CKO1: =IF(OR(SwitchTR<>"ON",Universe!$B$1166=""),"",Universe!$B$1166) | CKQ1: =IF(OR(SwitchTR<>"ON",Universe!$B$1167=""),"",Universe!$B$1167) | CKS1: =IF(OR(SwitchTR<>"ON",Universe!$B$1168=""),"",Universe!$B$1168) | CKU1: =IF(OR(SwitchTR<>"ON",Universe!$B$1169=""),"",Universe!$B$1169) | CKW1: =IF(OR(SwitchTR<>"ON",Universe!$B$1170=""),"",Universe!$B$1170) | CKY1: =IF(OR(SwitchTR<>"ON",Universe!$B$1171=""),"",Universe!$B$1171) | CLA1: =IF(OR(SwitchTR<>"ON",Universe!$B$1172=""),"",Universe!$B$1172) | CLC1: =IF(OR(SwitchTR<>"ON",Universe!$B$1173=""),"",Universe!$B$1173) | CLE1: =IF(OR(SwitchTR<>"ON",Universe!$B$1174=""),"",Universe!$B$1174) | CLG1: =IF(OR(SwitchTR<>"ON",Universe!$B$1175=""),"",Universe!$B$1175) | CLI1: =IF(OR(SwitchTR<>"ON",Universe!$B$1176=""),"",Universe!$B$1176) | CLK1: =IF(OR(SwitchTR<>"ON",Universe!$B$1177=""),"",Universe!$B$1177) | CLM1: =IF(OR(SwitchTR<>"ON",Universe!$B$1178=""),"",Universe!$B$1178) | CLO1: =IF(OR(SwitchTR<>"ON",Universe!$B$1179=""),"",Universe!$B$1179) | CLQ1: =IF(OR(SwitchTR<>"ON",Universe!$B$1180=""),"",Universe!$B$1180) | CLS1: =IF(OR(SwitchTR<>"ON",Universe!$B$1181=""),"",Universe!$B$1181) | CLU1: =IF(OR(SwitchTR<>"ON",Universe!$B$1182=""),"",Universe!$B$1182) | CLW1: =IF(OR(SwitchTR<>"ON",Universe!$B$1183=""),"",Universe!$B$1183) | CLY1: =IF(OR(SwitchTR<>"ON",Universe!$B$1184=""),"",Universe!$B$1184) | CMA1: =IF(OR(SwitchTR<>"ON",Universe!$B$1185=""),"",Universe!$B$1185) | CMC1: =IF(OR(SwitchTR<>"ON",Universe!$B$1186=""),"",Universe!$B$1186) | CME1: =IF(OR(SwitchTR<>"ON",Universe!$B$1187=""),"",Universe!$B$1187) | CMG1: =IF(OR(SwitchTR<>"ON",Universe!$B$1188=""),"",Universe!$B$1188) | CMI1: =IF(OR(SwitchTR<>"ON",Universe!$B$1189=""),"",Universe!$B$1189) | CMK1: =IF(OR(SwitchTR<>"ON",Universe!$B$1190=""),"",Universe!$B$1190) | CMM1: =IF(OR(SwitchTR<>"ON",Universe!$B$1191=""),"",Universe!$B$1191) | CMO1: =IF(OR(SwitchTR<>"ON",Universe!$B$1192=""),"",Universe!$B$1192) | CMQ1: =IF(OR(SwitchTR<>"ON",Universe!$B$1193=""),"",Universe!$B$1193) | CMS1: =IF(OR(SwitchTR<>"ON",Universe!$B$1194=""),"",Universe!$B$1194) | CMU1: =IF(OR(SwitchTR<>"ON",Universe!$B$1195=""),"",Universe!$B$1195) | CMW1: =IF(OR(SwitchTR<>"ON",Universe!$B$1196=""),"",Universe!$B$1196) | CMY1: =IF(OR(SwitchTR<>"ON",Universe!$B$1197=""),"",Universe!$B$1197) | CNA1: =IF(OR(SwitchTR<>"ON",Universe!$B$1198=""),"",Universe!$B$1198) | CNC1: =IF(OR(SwitchTR<>"ON",Universe!$B$1199=""),"",Universe!$B$1199) | CNE1: =IF(OR(SwitchTR<>"ON",Universe!$B$1200=""),"",Universe!$B$1200) | CNG1: =IF(OR(SwitchTR<>"ON",Universe!$B$1201=""),"",Universe!$B$1201) | CNI1: =IF(OR(SwitchTR<>"ON",Universe!$B$1202=""),"",Universe!$B$1202) | CNK1: =IF(OR(SwitchTR<>"ON",Universe!$B$1203=""),"",Universe!$B$1203) | CNM1: =IF(OR(SwitchTR<>"ON",Universe!$B$1204=""),"",Universe!$B$1204) | CNO1: =IF(OR(SwitchTR<>"ON",Universe!$B$1205=""),"",Universe!$B$1205) | CNQ1: =IF(OR(SwitchTR<>"ON",Universe!$B$1206=""),"",Universe!$B$1206) | CNS1: =IF(OR(SwitchTR<>"ON",Universe!$B$1207=""),"",Universe!$B$1207) | CNU1: =IF(OR(SwitchTR<>"ON",Universe!$B$1208=""),"",Universe!$B$1208) | CNW1: =IF(OR(SwitchTR<>"ON",Universe!$B$1209=""),"",Universe!$B$1209) | CNY1: =IF(OR(SwitchTR<>"ON",Universe!$B$1210=""),"",Universe!$B$1210) | COA1: =IF(OR(SwitchTR<>"ON",Universe!$B$1211=""),"",Universe!$B$1211) | COC1: =IF(OR(SwitchTR<>"ON",Universe!$B$1212=""),"",Universe!$B$1212) | COE1: =IF(OR(SwitchTR<>"ON",Universe!$B$1213=""),"",Universe!$B$1213) | COG1: =IF(OR(SwitchTR<>"ON",Universe!$B$1214=""),"",Universe!$B$1214) | COI1: =IF(OR(SwitchTR<>"ON",Universe!$B$1215=""),"",Universe!$B$1215) | COK1: =IF(OR(SwitchTR<>"ON",Universe!$B$1216=""),"",Universe!$B$1216) | COM1: =IF(OR(SwitchTR<>"ON",Universe!$B$1217=""),"",Universe!$B$1217) | COO1: =IF(OR(SwitchTR<>"ON",Universe!$B$1218=""),"",Universe!$B$1218) | COQ1: =IF(OR(SwitchTR<>"ON",Universe!$B$1219=""),"",Universe!$B$1219) | COS1: =IF(OR(SwitchTR<>"ON",Universe!$B$1220=""),"",Universe!$B$1220) | COU1: =IF(OR(SwitchTR<>"ON",Universe!$B$1221=""),"",Universe!$B$1221) | COW1: =IF(OR(SwitchTR<>"ON",Universe!$B$1222=""),"",Universe!$B$1222) | COY1: =IF(OR(SwitchTR<>"ON",Universe!$B$1223=""),"",Universe!$B$1223) | CPA1: =IF(OR(SwitchTR<>"ON",Universe!$B$1224=""),"",Universe!$B$1224) | CPC1: =IF(OR(SwitchTR<>"ON",Universe!$B$1225=""),"",Universe!$B$1225) | CPE1: =IF(OR(SwitchTR<>"ON",Universe!$B$1226=""),"",Universe!$B$1226) | CPG1: =IF(OR(SwitchTR<>"ON",Universe!$B$1227=""),"",Universe!$B$1227) | CPI1: =IF(OR(SwitchTR<>"ON",Universe!$B$1228=""),"",Universe!$B$1228) | CPK1: =IF(OR(SwitchTR<>"ON",Universe!$B$1229=""),"",Universe!$B$1229) | CPM1: =IF(OR(SwitchTR<>"ON",Universe!$B$1230=""),"",Universe!$B$1230) | CPO1: =IF(OR(SwitchTR<>"ON",Universe!$B$1231=""),"",Universe!$B$1231) | CPQ1: =IF(OR(SwitchTR<>"ON",Universe!$B$1232=""),"",Universe!$B$1232) | CPS1: =IF(OR(SwitchTR<>"ON",Universe!$B$1233=""),"",Universe!$B$1233) | CPU1: =IF(OR(SwitchTR<>"ON",Universe!$B$1234=""),"",Universe!$B$1234) | CPW1: =IF(OR(SwitchTR<>"ON",Universe!$B$1235=""),"",Universe!$B$1235) | CPY1: =IF(OR(SwitchTR<>"ON",Universe!$B$1236=""),"",Universe!$B$1236) | CQA1: =IF(OR(SwitchTR<>"ON",Universe!$B$1237=""),"",Universe!$B$1237) | CQC1: =IF(OR(SwitchTR<>"ON",Universe!$B$1238=""),"",Universe!$B$1238) | CQE1: =IF(OR(SwitchTR<>"ON",Universe!$B$1239=""),"",Universe!$B$1239) | CQG1: =IF(OR(SwitchTR<>"ON",Universe!$B$1240=""),"",Universe!$B$1240) | CQI1: =IF(OR(SwitchTR<>"ON",Universe!$B$1241=""),"",Universe!$B$1241) | CQK1: =IF(OR(SwitchTR<>"ON",Universe!$B$1242=""),"",Universe!$B$1242) | CQM1: =IF(OR(SwitchTR<>"ON",Universe!$B$1243=""),"",Universe!$B$1243) | CQO1: =IF(OR(SwitchTR<>"ON",Universe!$B$1244=""),"",Universe!$B$1244) | CQQ1: =IF(OR(SwitchTR<>"ON",Universe!$B$1245=""),"",Universe!$B$1245) | CQS1: =IF(OR(SwitchTR<>"ON",Universe!$B$1246=""),"",Universe!$B$1246) | CQU1: =IF(OR(SwitchTR<>"ON",Universe!$B$1247=""),"",Universe!$B$1247) | CQW1: =IF(OR(SwitchTR<>"ON",Universe!$B$1248=""),"",Universe!$B$1248) | CQY1: =IF(OR(SwitchTR<>"ON",Universe!$B$1249=""),"",Universe!$B$1249) | CRA1: =IF(OR(SwitchTR<>"ON",Universe!$B$1250=""),"",Universe!$B$1250) | CRC1: =IF(OR(SwitchTR<>"ON",Universe!$B$1251=""),"",Universe!$B$1251) | CRE1: =IF(OR(SwitchTR<>"ON",Universe!$B$1252=""),"",Universe!$B$1252) | CRG1: =IF(OR(SwitchTR<>"ON",Universe!$B$1253=""),"",Universe!$B$1253) | CRI1: =IF(OR(SwitchTR<>"ON",Universe!$B$1254=""),"",Universe!$B$1254) | CRK1: =IF(OR(SwitchTR<>"ON",Universe!$B$1255=""),"",Universe!$B$1255) | CRM1: =IF(OR(SwitchTR<>"ON",Universe!$B$1256=""),"",Universe!$B$1256) | CRO1: =IF(OR(SwitchTR<>"ON",Universe!$B$1257=""),"",Universe!$B$1257) | CRQ1: =IF(OR(SwitchTR<>"ON",Universe!$B$1258=""),"",Universe!$B$1258) | CRS1: =IF(OR(SwitchTR<>"ON",Universe!$B$1259=""),"",Universe!$B$1259) | CRU1: =IF(OR(SwitchTR<>"ON",Universe!$B$1260=""),"",Universe!$B$1260) | CRW1: =IF(OR(SwitchTR<>"ON",Universe!$B$1261=""),"",Universe!$B$1261) | CRY1: =IF(OR(SwitchTR<>"ON",Universe!$B$1262=""),"",Universe!$B$1262) | CSA1: =IF(OR(SwitchTR<>"ON",Universe!$B$1263=""),"",Universe!$B$1263) | CSC1: =IF(OR(SwitchTR<>"ON",Universe!$B$1264=""),"",Universe!$B$1264) | CSE1: =IF(OR(SwitchTR<>"ON",Universe!$B$1265=""),"",Universe!$B$1265) | CSG1: =IF(OR(SwitchTR<>"ON",Universe!$B$1266=""),"",Universe!$B$1266) | CSI1: =IF(OR(SwitchTR<>"ON",Universe!$B$1267=""),"",Universe!$B$1267) | CSK1: =IF(OR(SwitchTR<>"ON",Universe!$B$1268=""),"",Universe!$B$1268) | CSM1: =IF(OR(SwitchTR<>"ON",Universe!$B$1269=""),"",Universe!$B$1269) | CSO1: =IF(OR(SwitchTR<>"ON",Universe!$B$1270=""),"",Universe!$B$1270) | CSQ1: =IF(OR(SwitchTR<>"ON",Universe!$B$1271=""),"",Universe!$B$1271) | CSS1: =IF(OR(SwitchTR<>"ON",Universe!$B$1272=""),"",Universe!$B$1272) | CSU1: =IF(OR(SwitchTR<>"ON",Universe!$B$1273=""),"",Universe!$B$1273) | CSW1: =IF(OR(SwitchTR<>"ON",Universe!$B$1274=""),"",Universe!$B$1274) | CSY1: =IF(OR(SwitchTR<>"ON",Universe!$B$1275=""),"",Universe!$B$1275) | CTA1: =IF(OR(SwitchTR<>"ON",Universe!$B$1276=""),"",Universe!$B$1276) | CTC1: =IF(OR(SwitchTR<>"ON",Universe!$B$1277=""),"",Universe!$B$1277) | CTE1: =IF(OR(SwitchTR<>"ON",Universe!$B$1278=""),"",Universe!$B$1278) | CTG1: =IF(OR(SwitchTR<>"ON",Universe!$B$1279=""),"",Universe!$B$1279) | CTI1: =IF(OR(SwitchTR<>"ON",Universe!$B$1280=""),"",Universe!$B$1280) | CTK1: =IF(OR(SwitchTR<>"ON",Universe!$B$1281=""),"",Universe!$B$1281) | CTM1: =IF(OR(SwitchTR<>"ON",Universe!$B$1282=""),"",Universe!$B$1282) | CTO1: =IF(OR(SwitchTR<>"ON",Universe!$B$1283=""),"",Universe!$B$1283) | CTQ1: =IF(OR(SwitchTR<>"ON",Universe!$B$1284=""),"",Universe!$B$1284) | CTS1: =IF(OR(SwitchTR<>"ON",Universe!$B$1285=""),"",Universe!$B$1285) | CTU1: =IF(OR(SwitchTR<>"ON",Universe!$B$1286=""),"",Universe!$B$1286) | CTW1: =IF(OR(SwitchTR<>"ON",Universe!$B$1287=""),"",Universe!$B$1287) | CTY1: =IF(OR(SwitchTR<>"ON",Universe!$B$1288=""),"",Universe!$B$1288) | CUA1: =IF(OR(SwitchTR<>"ON",Universe!$B$1289=""),"",Universe!$B$1289) | CUC1: =IF(OR(SwitchTR<>"ON",Universe!$B$1290=""),"",Universe!$B$1290) | CUE1: =IF(OR(SwitchTR<>"ON",Universe!$B$1291=""),"",Universe!$B$1291) | CUG1: =IF(OR(SwitchTR<>"ON",Universe!$B$1292=""),"",Universe!$B$1292) | CUI1: =IF(OR(SwitchTR<>"ON",Universe!$B$1293=""),"",Universe!$B$1293) | CUK1: =IF(OR(SwitchTR<>"ON",Universe!$B$1294=""),"",Universe!$B$1294) | CUM1: =IF(OR(SwitchTR<>"ON",Universe!$B$1295=""),"",Universe!$B$1295) | CUO1: =IF(OR(SwitchTR<>"ON",Universe!$B$1296=""),"",Universe!$B$1296) | CUQ1: =IF(OR(SwitchTR<>"ON",Universe!$B$1297=""),"",Universe!$B$1297) | CUS1: =IF(OR(SwitchTR<>"ON",Universe!$B$1298=""),"",Universe!$B$1298) | CUU1: =IF(OR(SwitchTR<>"ON",Universe!$B$1299=""),"",Universe!$B$1299) | CUW1: =IF(OR(SwitchTR<>"ON",Universe!$B$1300=""),"",Universe!$B$1300) | CUY1: =IF(OR(SwitchTR<>"ON",Universe!$B$1301=""),"",Universe!$B$1301) | CVA1: =IF(OR(SwitchTR<>"ON",Universe!$B$1302=""),"",Universe!$B$1302) | CVC1: =IF(OR(SwitchTR<>"ON",Universe!$B$1303=""),"",Universe!$B$1303) | CVE1: =IF(OR(SwitchTR<>"ON",Universe!$B$1304=""),"",Universe!$B$1304) | CVG1: =IF(OR(SwitchTR<>"ON",Universe!$B$1305=""),"",Universe!$B$1305) | CVI1: =IF(OR(SwitchTR<>"ON",Universe!$B$1306=""),"",Universe!$B$1306) | CVK1: =IF(OR(SwitchTR<>"ON",Universe!$B$1307=""),"",Universe!$B$1307) | CVM1: =IF(OR(SwitchTR<>"ON",Universe!$B$1308=""),"",Universe!$B$1308) | CVO1: =IF(OR(SwitchTR<>"ON",Universe!$B$1309=""),"",Universe!$B$1309) | CVQ1: =IF(OR(SwitchTR<>"ON",Universe!$B$1310=""),"",Universe!$B$1310) | CVS1: =IF(OR(SwitchTR<>"ON",Universe!$B$1311=""),"",Universe!$B$1311) | CVU1: =IF(OR(SwitchTR<>"ON",Universe!$B$1312=""),"",Universe!$B$1312) | CVW1: =IF(OR(SwitchTR<>"ON",Universe!$B$1313=""),"",Universe!$B$1313) | CVY1: =IF(OR(SwitchTR<>"ON",Universe!$B$1314=""),"",Universe!$B$1314) | CWA1: =IF(OR(SwitchTR<>"ON",Universe!$B$1315=""),"",Universe!$B$1315) | CWC1: =IF(OR(SwitchTR<>"ON",Universe!$B$1316=""),"",Universe!$B$1316) | CWE1: =IF(OR(SwitchTR<>"ON",Universe!$B$1317=""),"",Universe!$B$1317) | CWG1: =IF(OR(SwitchTR<>"ON",Universe!$B$1318=""),"",Universe!$B$1318) | CWI1: =IF(OR(SwitchTR<>"ON",Universe!$B$1319=""),"",Universe!$B$1319) | CWK1: =IF(OR(SwitchTR<>"ON",Universe!$B$1320=""),"",Universe!$B$1320) | CWM1: =IF(OR(SwitchTR<>"ON",Universe!$B$1321=""),"",Universe!$B$1321) | CWO1: =IF(OR(SwitchTR<>"ON",Universe!$B$1322=""),"",Universe!$B$1322) | CWQ1: =IF(OR(SwitchTR<>"ON",Universe!$B$1323=""),"",Universe!$B$1323) | CWS1: =IF(OR(SwitchTR<>"ON",Universe!$B$1324=""),"",Universe!$B$1324) | CWU1: =IF(OR(SwitchTR<>"ON",Universe!$B$1325=""),"",Universe!$B$1325) | CWW1: =IF(OR(SwitchTR<>"ON",Universe!$B$1326=""),"",Universe!$B$1326) | CWY1: =IF(OR(SwitchTR<>"ON",Universe!$B$1327=""),"",Universe!$B$1327) | CXA1: =IF(OR(SwitchTR<>"ON",Universe!$B$1328=""),"",Universe!$B$1328) | CXC1: =IF(OR(SwitchTR<>"ON",Universe!$B$1329=""),"",Universe!$B$1329) | CXE1: =IF(OR(SwitchTR<>"ON",Universe!$B$1330=""),"",Universe!$B$1330) | CXG1: =IF(OR(SwitchTR<>"ON",Universe!$B$1331=""),"",Universe!$B$1331) | CXI1: =IF(OR(SwitchTR<>"ON",Universe!$B$1332=""),"",Universe!$B$1332) | CXK1: =IF(OR(SwitchTR<>"ON",Universe!$B$1333=""),"",Universe!$B$1333) | CXM1: =IF(OR(SwitchTR<>"ON",Universe!$B$1334=""),"",Universe!$B$1334) | CXO1: =IF(OR(SwitchTR<>"ON",Universe!$B$1335=""),"",Universe!$B$1335) | CXQ1: =IF(OR(SwitchTR<>"ON",Universe!$B$1336=""),"",Universe!$B$1336) | CXS1: =IF(OR(SwitchTR<>"ON",Universe!$B$1337=""),"",Universe!$B$1337) | CXU1: =IF(OR(SwitchTR<>"ON",Universe!$B$1338=""),"",Universe!$B$1338) | CXW1: =IF(OR(SwitchTR<>"ON",Universe!$B$1339=""),"",Universe!$B$1339) | CXY1: =IF(OR(SwitchTR<>"ON",Universe!$B$1340=""),"",Universe!$B$1340) | CYA1: =IF(OR(SwitchTR<>"ON",Universe!$B$1341=""),"",Universe!$B$1341) | CYC1: =IF(OR(SwitchTR<>"ON",Universe!$B$1342=""),"",Universe!$B$1342) | CYE1: =IF(OR(SwitchTR<>"ON",Universe!$B$1343=""),"",Universe!$B$1343) | CYG1: =IF(OR(SwitchTR<>"ON",Universe!$B$1344=""),"",Universe!$B$1344) | CYI1: =IF(OR(SwitchTR<>"ON",Universe!$B$1345=""),"",Universe!$B$1345) | CYK1: =IF(OR(SwitchTR<>"ON",Universe!$B$1346=""),"",Universe!$B$1346) | CYM1: =IF(OR(SwitchTR<>"ON",Universe!$B$1347=""),"",Universe!$B$1347) | CYO1: =IF(OR(SwitchTR<>"ON",Universe!$B$1348=""),"",Universe!$B$1348) | CYQ1: =IF(OR(SwitchTR<>"ON",Universe!$B$1349=""),"",Universe!$B$1349) | CYS1: =IF(OR(SwitchTR<>"ON",Universe!$B$1350=""),"",Universe!$B$1350) | CYU1: =IF(OR(SwitchTR<>"ON",Universe!$B$1351=""),"",Universe!$B$1351) | CYW1: =IF(OR(SwitchTR<>"ON",Universe!$B$1352=""),"",Universe!$B$1352) | CYY1: =IF(OR(SwitchTR<>"ON",Universe!$B$1353=""),"",Universe!$B$1353) | CZA1: =IF(OR(SwitchTR<>"ON",Universe!$B$1354=""),"",Universe!$B$1354) | CZC1: =IF(OR(SwitchTR<>"ON",Universe!$B$1355=""),"",Universe!$B$1355) | CZE1: =IF(OR(SwitchTR<>"ON",Universe!$B$1356=""),"",Universe!$B$1356) | CZG1: =IF(OR(SwitchTR<>"ON",Universe!$B$1357=""),"",Universe!$B$1357) | CZI1: =IF(OR(SwitchTR<>"ON",Universe!$B$1358=""),"",Universe!$B$1358) | CZK1: =IF(OR(SwitchTR<>"ON",Universe!$B$1359=""),"",Universe!$B$1359) | CZM1: =IF(OR(SwitchTR<>"ON",Universe!$B$1360=""),"",Universe!$B$1360) | CZO1: =IF(OR(SwitchTR<>"ON",Universe!$B$1361=""),"",Universe!$B$1361) | CZQ1: =IF(OR(SwitchTR<>"ON",Universe!$B$1362=""),"",Universe!$B$1362) | CZS1: =IF(OR(SwitchTR<>"ON",Universe!$B$1363=""),"",Universe!$B$1363) | CZU1: =IF(OR(SwitchTR<>"ON",Universe!$B$1364=""),"",Universe!$B$1364) | CZW1: =IF(OR(SwitchTR<>"ON",Universe!$B$1365=""),"",Universe!$B$1365) | CZY1: =IF(OR(SwitchTR<>"ON",Universe!$B$1366=""),"",Universe!$B$1366) | DAA1: =IF(OR(SwitchTR<>"ON",Universe!$B$1367=""),"",Universe!$B$1367) | DAC1: =IF(OR(SwitchTR<>"ON",Universe!$B$1368=""),"",Universe!$B$1368) | DAE1: =IF(OR(SwitchTR<>"ON",Universe!$B$1369=""),"",Universe!$B$1369) | DAG1: =IF(OR(SwitchTR<>"ON",Universe!$B$1370=""),"",Universe!$B$1370) | DAI1: =IF(OR(SwitchTR<>"ON",Universe!$B$1371=""),"",Universe!$B$1371) | DAK1: =IF(OR(SwitchTR<>"ON",Universe!$B$1372=""),"",Universe!$B$1372) | DAM1: =IF(OR(SwitchTR<>"ON",Universe!$B$1373=""),"",Universe!$B$1373) | DAO1: =IF(OR(SwitchTR<>"ON",Universe!$B$1374=""),"",Universe!$B$1374) | DAQ1: =IF(OR(SwitchTR<>"ON",Universe!$B$1375=""),"",Universe!$B$1375) | DAS1: =IF(OR(SwitchTR<>"ON",Universe!$B$1376=""),"",Universe!$B$1376) | DAU1: =IF(OR(SwitchTR<>"ON",Universe!$B$1377=""),"",Universe!$B$1377) | DAW1: =IF(OR(SwitchTR<>"ON",Universe!$B$1378=""),"",Universe!$B$1378) | DAY1: =IF(OR(SwitchTR<>"ON",Universe!$B$1379=""),"",Universe!$B$1379) | DBA1: =IF(OR(SwitchTR<>"ON",Universe!$B$1380=""),"",Universe!$B$1380) | DBC1: =IF(OR(SwitchTR<>"ON",Universe!$B$1381=""),"",Universe!$B$1381) | DBE1: =IF(OR(SwitchTR<>"ON",Universe!$B$1382=""),"",Universe!$B$1382) | DBG1: =IF(OR(SwitchTR<>"ON",Universe!$B$1383=""),"",Universe!$B$1383) | DBI1: =IF(OR(SwitchTR<>"ON",Universe!$B$1384=""),"",Universe!$B$1384) | DBK1: =IF(OR(SwitchTR<>"ON",Universe!$B$1385=""),"",Universe!$B$1385) | DBM1: =IF(OR(SwitchTR<>"ON",Universe!$B$1386=""),"",Universe!$B$1386) | DBO1: =IF(OR(SwitchTR<>"ON",Universe!$B$1387=""),"",Universe!$B$1387) | DBQ1: =IF(OR(SwitchTR<>"ON",Universe!$B$1388=""),"",Universe!$B$1388) | DBS1: =IF(OR(SwitchTR<>"ON",Universe!$B$1389=""),"",Universe!$B$1389) | DBU1: =IF(OR(SwitchTR<>"ON",Universe!$B$1390=""),"",Universe!$B$1390) | DBW1: =IF(OR(SwitchTR<>"ON",Universe!$B$1391=""),"",Universe!$B$1391) | DBY1: =IF(OR(SwitchTR<>"ON",Universe!$B$1392=""),"",Universe!$B$1392) | DCA1: =IF(OR(SwitchTR<>"ON",Universe!$B$1393=""),"",Universe!$B$1393) | DCC1: =IF(OR(SwitchTR<>"ON",Universe!$B$1394=""),"",Universe!$B$1394) | DCE1: =IF(OR(SwitchTR<>"ON",Universe!$B$1395=""),"",Universe!$B$1395) | DCG1: =IF(OR(SwitchTR<>"ON",Universe!$B$1396=""),"",Universe!$B$1396) | DCI1: =IF(OR(SwitchTR<>"ON",Universe!$B$1397=""),"",Universe!$B$1397) | DCK1: =IF(OR(SwitchTR<>"ON",Universe!$B$1398=""),"",Universe!$B$1398) | DCM1: =IF(OR(SwitchTR<>"ON",Universe!$B$1399=""),"",Universe!$B$1399) | DCO1: =IF(OR(SwitchTR<>"ON",Universe!$B$1400=""),"",Universe!$B$1400) | DCQ1: =IF(OR(SwitchTR<>"ON",Universe!$B$1401=""),"",Universe!$B$1401) | DCS1: =IF(OR(SwitchTR<>"ON",Universe!$B$1402=""),"",Universe!$B$1402) | DCU1: =IF(OR(SwitchTR<>"ON",Universe!$B$1403=""),"",Universe!$B$1403) | DCW1: =IF(OR(SwitchTR<>"ON",Universe!$B$1404=""),"",Universe!$B$1404) | DCY1: =IF(OR(SwitchTR<>"ON",Universe!$B$1405=""),"",Universe!$B$1405) | DDA1: =IF(OR(SwitchTR<>"ON",Universe!$B$1406=""),"",Universe!$B$1406) | DDC1: =IF(OR(SwitchTR<>"ON",Universe!$B$1407=""),"",Universe!$B$1407) | DDE1: =IF(OR(SwitchTR<>"ON",Universe!$B$1408=""),"",Universe!$B$1408) | DDG1: =IF(OR(SwitchTR<>"ON",Universe!$B$1409=""),"",Universe!$B$1409) | DDI1: =IF(OR(SwitchTR<>"ON",Universe!$B$1410=""),"",Universe!$B$1410) | DDK1: =IF(OR(SwitchTR<>"ON",Universe!$B$1411=""),"",Universe!$B$1411) | DDM1: =IF(OR(SwitchTR<>"ON",Universe!$B$1412=""),"",Universe!$B$1412) | DDO1: =IF(OR(SwitchTR<>"ON",Universe!$B$1413=""),"",Universe!$B$1413) | DDQ1: =IF(OR(SwitchTR<>"ON",Universe!$B$1414=""),"",Universe!$B$1414) | DDS1: =IF(OR(SwitchTR<>"ON",Universe!$B$1415=""),"",Universe!$B$1415) | DDU1: =IF(OR(SwitchTR<>"ON",Universe!$B$1416=""),"",Universe!$B$1416) | DDW1: =IF(OR(SwitchTR<>"ON",Universe!$B$1417=""),"",Universe!$B$1417) | DDY1: =IF(OR(SwitchTR<>"ON",Universe!$B$1418=""),"",Universe!$B$1418) | DEA1: =IF(OR(SwitchTR<>"ON",Universe!$B$1419=""),"",Universe!$B$1419) | DEC1: =IF(OR(SwitchTR<>"ON",Universe!$B$1420=""),"",Universe!$B$1420) | DEE1: =IF(OR(SwitchTR<>"ON",Universe!$B$1421=""),"",Universe!$B$1421) | DEG1: =IF(OR(SwitchTR<>"ON",Universe!$B$1422=""),"",Universe!$B$1422) | DEI1: =IF(OR(SwitchTR<>"ON",Universe!$B$1423=""),"",Universe!$B$1423) | DEK1: =IF(OR(SwitchTR<>"ON",Universe!$B$1424=""),"",Universe!$B$1424) | DEM1: =IF(OR(SwitchTR<>"ON",Universe!$B$1425=""),"",Universe!$B$1425) | DEO1: =IF(OR(SwitchTR<>"ON",Universe!$B$1426=""),"",Universe!$B$1426) | DEQ1: =IF(OR(SwitchTR<>"ON",Universe!$B$1427=""),"",Universe!$B$1427) | DES1: =IF(OR(SwitchTR<>"ON",Universe!$B$1428=""),"",Universe!$B$1428) | DEU1: =IF(OR(SwitchTR<>"ON",Universe!$B$1429=""),"",Universe!$B$1429) | DEW1: =IF(OR(SwitchTR<>"ON",Universe!$B$1430=""),"",Universe!$B$1430) | DEY1: =IF(OR(SwitchTR<>"ON",Universe!$B$1431=""),"",Universe!$B$1431) | DFA1: =IF(OR(SwitchTR<>"ON",Universe!$B$1432=""),"",Universe!$B$1432) | DFC1: =IF(OR(SwitchTR<>"ON",Universe!$B$1433=""),"",Universe!$B$1433) | DFE1: =IF(OR(SwitchTR<>"ON",Universe!$B$1434=""),"",Universe!$B$1434) | DFG1: =IF(OR(SwitchTR<>"ON",Universe!$B$1435=""),"",Universe!$B$1435) | DFI1: =IF(OR(SwitchTR<>"ON",Universe!$B$1436=""),"",Universe!$B$1436) | DFK1: =IF(OR(SwitchTR<>"ON",Universe!$B$1437=""),"",Universe!$B$1437) | DFM1: =IF(OR(SwitchTR<>"ON",Universe!$B$1438=""),"",Universe!$B$1438) | DFO1: =IF(OR(SwitchTR<>"ON",Universe!$B$1439=""),"",Universe!$B$1439) | DFQ1: =IF(OR(SwitchTR<>"ON",Universe!$B$1440=""),"",Universe!$B$1440) | DFS1: =IF(OR(SwitchTR<>"ON",Universe!$B$1441=""),"",Universe!$B$1441) | DFU1: =IF(OR(SwitchTR<>"ON",Universe!$B$1442=""),"",Universe!$B$1442) | DFW1: =IF(OR(SwitchTR<>"ON",Universe!$B$1443=""),"",Universe!$B$1443) | DFY1: =IF(OR(SwitchTR<>"ON",Universe!$B$1444=""),"",Universe!$B$1444) | DGA1: =IF(OR(SwitchTR<>"ON",Universe!$B$1445=""),"",Universe!$B$1445) | DGC1: =IF(OR(SwitchTR<>"ON",Universe!$B$1446=""),"",Universe!$B$1446) | DGE1: =IF(OR(SwitchTR<>"ON",Universe!$B$1447=""),"",Universe!$B$1447) | DGG1: =IF(OR(SwitchTR<>"ON",Universe!$B$1448=""),"",Universe!$B$1448) | DGI1: =IF(OR(SwitchTR<>"ON",Universe!$B$1449=""),"",Universe!$B$1449) | DGK1: =IF(OR(SwitchTR<>"ON",Universe!$B$1450=""),"",Universe!$B$1450) | DGM1: =IF(OR(SwitchTR<>"ON",Universe!$B$1451=""),"",Universe!$B$1451) | DGO1: =IF(OR(SwitchTR<>"ON",Universe!$B$1452=""),"",Universe!$B$1452) | DGQ1: =IF(OR(SwitchTR<>"ON",Universe!$B$1453=""),"",Universe!$B$1453) | DGS1: =IF(OR(SwitchTR<>"ON",Universe!$B$1454=""),"",Universe!$B$1454) | DGU1: =IF(OR(SwitchTR<>"ON",Universe!$B$1455=""),"",Universe!$B$1455) | DGW1: =IF(OR(SwitchTR<>"ON",Universe!$B$1456=""),"",Universe!$B$1456) | DGY1: =IF(OR(SwitchTR<>"ON",Universe!$B$1457=""),"",Universe!$B$1457) | DHA1: =IF(OR(SwitchTR<>"ON",Universe!$B$1458=""),"",Universe!$B$1458) | DHC1: =IF(OR(SwitchTR<>"ON",Universe!$B$1459=""),"",Universe!$B$1459) | DHE1: =IF(OR(SwitchTR<>"ON",Universe!$B$1460=""),"",Universe!$B$1460) | DHG1: =IF(OR(SwitchTR<>"ON",Universe!$B$1461=""),"",Universe!$B$1461) | DHI1: =IF(OR(SwitchTR<>"ON",Universe!$B$1462=""),"",Universe!$B$1462) | DHK1: =IF(OR(SwitchTR<>"ON",Universe!$B$1463=""),"",Universe!$B$1463) | DHM1: =IF(OR(SwitchTR<>"ON",Universe!$B$1464=""),"",Universe!$B$1464) | DHO1: =IF(OR(SwitchTR<>"ON",Universe!$B$1465=""),"",Universe!$B$1465) | DHQ1: =IF(OR(SwitchTR<>"ON",Universe!$B$1466=""),"",Universe!$B$1466) | DHS1: =IF(OR(SwitchTR<>"ON",Universe!$B$1467=""),"",Universe!$B$1467) | DHU1: =IF(OR(SwitchTR<>"ON",Universe!$B$1468=""),"",Universe!$B$1468) | DHW1: =IF(OR(SwitchTR<>"ON",Universe!$B$1469=""),"",Universe!$B$1469) | DHY1: =IF(OR(SwitchTR<>"ON",Universe!$B$1470=""),"",Universe!$B$1470) | DIA1: =IF(OR(SwitchTR<>"ON",Universe!$B$1471=""),"",Universe!$B$1471) | DIC1: =IF(OR(SwitchTR<>"ON",Universe!$B$1472=""),"",Universe!$B$1472) | DIE1: =IF(OR(SwitchTR<>"ON",Universe!$B$1473=""),"",Universe!$B$1473) | DIG1: =IF(OR(SwitchTR<>"ON",Universe!$B$1474=""),"",Universe!$B$1474) | DII1: =IF(OR(SwitchTR<>"ON",Universe!$B$1475=""),"",Universe!$B$1475) | DIK1: =IF(OR(SwitchTR<>"ON",Universe!$B$1476=""),"",Universe!$B$1476) | DIM1: =IF(OR(SwitchTR<>"ON",Universe!$B$1477=""),"",Universe!$B$1477) | DIO1: =IF(OR(SwitchTR<>"ON",Universe!$B$1478=""),"",Universe!$B$1478) | DIQ1: =IF(OR(SwitchTR<>"ON",Universe!$B$1479=""),"",Universe!$B$1479) | DIS1: =IF(OR(SwitchTR<>"ON",Universe!$B$1480=""),"",Universe!$B$1480) | DIU1: =IF(OR(SwitchTR<>"ON",Universe!$B$1481=""),"",Universe!$B$1481) | DIW1: =IF(OR(SwitchTR<>"ON",Universe!$B$1482=""),"",Universe!$B$1482) | DIY1: =IF(OR(SwitchTR<>"ON",Universe!$B$1483=""),"",Universe!$B$1483) | DJA1: =IF(OR(SwitchTR<>"ON",Universe!$B$1484=""),"",Universe!$B$1484) | DJC1: =IF(OR(SwitchTR<>"ON",Universe!$B$1485=""),"",Universe!$B$1485) | DJE1: =IF(OR(SwitchTR<>"ON",Universe!$B$1486=""),"",Universe!$B$1486) | DJG1: =IF(OR(SwitchTR<>"ON",Universe!$B$1487=""),"",Universe!$B$1487) | DJI1: =IF(OR(SwitchTR<>"ON",Universe!$B$1488=""),"",Universe!$B$1488) | DJK1: =IF(OR(SwitchTR<>"ON",Universe!$B$1489=""),"",Universe!$B$1489) | DJM1: =IF(OR(SwitchTR<>"ON",Universe!$B$1490=""),"",Universe!$B$1490) | DJO1: =IF(OR(SwitchTR<>"ON",Universe!$B$1491=""),"",Universe!$B$1491) | DJQ1: =IF(OR(SwitchTR<>"ON",Universe!$B$1492=""),"",Universe!$B$1492) | DJS1: =IF(OR(SwitchTR<>"ON",Universe!$B$1493=""),"",Universe!$B$1493) | DJU1: =IF(OR(SwitchTR<>"ON",Universe!$B$1494=""),"",Universe!$B$1494) | DJW1: =IF(OR(SwitchTR<>"ON",Universe!$B$1495=""),"",Universe!$B$1495) | DJY1: =IF(OR(SwitchTR<>"ON",Universe!$B$1496=""),"",Universe!$B$1496) | DKA1: =IF(OR(SwitchTR<>"ON",Universe!$B$1497=""),"",Universe!$B$1497) | DKC1: =IF(OR(SwitchTR<>"ON",Universe!$B$1498=""),"",Universe!$B$1498) | DKE1: =IF(OR(SwitchTR<>"ON",Universe!$B$1499=""),"",Universe!$B$1499) | DKG1: =IF(OR(SwitchTR<>"ON",Universe!$B$1500=""),"",Universe!$B$1500) | DKI1: =IF(OR(SwitchTR<>"ON",Universe!$B$1501=""),"",Universe!$B$1501) | DKK1: =IF(OR(SwitchTR<>"ON",Universe!$B$1502=""),"",Universe!$B$1502) | DKM1: =IF(OR(SwitchTR<>"ON",Universe!$B$1503=""),"",Universe!$B$1503) | DKO1: =IF(OR(SwitchTR<>"ON",Universe!$B$1504=""),"",Universe!$B$1504) | DKQ1: =IF(OR(SwitchTR<>"ON",Universe!$B$1505=""),"",Universe!$B$1505) | DKS1: =IF(OR(SwitchTR<>"ON",Universe!$B$1506=""),"",Universe!$B$1506) | DKU1: =IF(OR(SwitchTR<>"ON",Universe!$B$1507=""),"",Universe!$B$1507) | DKW1: =IF(OR(SwitchTR<>"ON",Universe!$B$1508=""),"",Universe!$B$1508) | DKY1: =IF(OR(SwitchTR<>"ON",Universe!$B$1509=""),"",Universe!$B$1509) | DLA1: =IF(OR(SwitchTR<>"ON",Universe!$B$1510=""),"",Universe!$B$1510) | DLC1: =IF(OR(SwitchTR<>"ON",Universe!$B$1511=""),"",Universe!$B$1511) | DLE1: =IF(OR(SwitchTR<>"ON",Universe!$B$1512=""),"",Universe!$B$1512) | DLG1: =IF(OR(SwitchTR<>"ON",Universe!$B$1513=""),"",Universe!$B$1513) | DLI1: =IF(OR(SwitchTR<>"ON",Universe!$B$1514=""),"",Universe!$B$1514) | DLK1: =IF(OR(SwitchTR<>"ON",Universe!$B$1515=""),"",Universe!$B$1515) | DLM1: =IF(OR(SwitchTR<>"ON",Universe!$B$1516=""),"",Universe!$B$1516) | DLO1: =IF(OR(SwitchTR<>"ON",Universe!$B$1517=""),"",Universe!$B$1517) | DLQ1: =IF(OR(SwitchTR<>"ON",Universe!$B$1518=""),"",Universe!$B$1518) | DLS1: =IF(OR(SwitchTR<>"ON",Universe!$B$1519=""),"",Universe!$B$1519) | DLU1: =IF(OR(SwitchTR<>"ON",Universe!$B$1520=""),"",Universe!$B$1520) | DLW1: =IF(OR(SwitchTR<>"ON",Universe!$B$1521=""),"",Universe!$B$1521) | DLY1: =IF(OR(SwitchTR<>"ON",Universe!$B$1522=""),"",Universe!$B$1522) | DMA1: =IF(OR(SwitchTR<>"ON",Universe!$B$1523=""),"",Universe!$B$1523) | DMC1: =IF(OR(SwitchTR<>"ON",Universe!$B$1524=""),"",Universe!$B$1524) | DME1: =IF(OR(SwitchTR<>"ON",Universe!$B$1525=""),"",Universe!$B$1525) | DMG1: =IF(OR(SwitchTR<>"ON",Universe!$B$1526=""),"",Universe!$B$1526) | DMI1: =IF(OR(SwitchTR<>"ON",Universe!$B$1527=""),"",Universe!$B$1527) | DMK1: =IF(OR(SwitchTR<>"ON",Universe!$B$1528=""),"",Universe!$B$1528) | DMM1: =IF(OR(SwitchTR<>"ON",Universe!$B$1529=""),"",Universe!$B$1529) | DMO1: =IF(OR(SwitchTR<>"ON",Universe!$B$1530=""),"",Universe!$B$1530) | DMQ1: =IF(OR(SwitchTR<>"ON",Universe!$B$1531=""),"",Universe!$B$1531) | DMS1: =IF(OR(SwitchTR<>"ON",Universe!$B$1532=""),"",Universe!$B$1532) | DMU1: =IF(OR(SwitchTR<>"ON",Universe!$B$1533=""),"",Universe!$B$1533) | DMW1: =IF(OR(SwitchTR<>"ON",Universe!$B$1534=""),"",Universe!$B$1534) | DMY1: =IF(OR(SwitchTR<>"ON",Universe!$B$1535=""),"",Universe!$B$1535) | DNA1: =IF(OR(SwitchTR<>"ON",Universe!$B$1536=""),"",Universe!$B$1536) | DNC1: =IF(OR(SwitchTR<>"ON",Universe!$B$1537=""),"",Universe!$B$1537) | DNE1: =IF(OR(SwitchTR<>"ON",Universe!$B$1538=""),"",Universe!$B$1538) | DNG1: =IF(OR(SwitchTR<>"ON",Universe!$B$1539=""),"",Universe!$B$1539) | DNI1: =IF(OR(SwitchTR<>"ON",Universe!$B$1540=""),"",Universe!$B$1540) | DNK1: =IF(OR(SwitchTR<>"ON",Universe!$B$1541=""),"",Universe!$B$1541) | DNM1: =IF(OR(SwitchTR<>"ON",Universe!$B$1542=""),"",Universe!$B$1542) | DNO1: =IF(OR(SwitchTR<>"ON",Universe!$B$1543=""),"",Universe!$B$1543) | DNQ1: =IF(OR(SwitchTR<>"ON",Universe!$B$1544=""),"",Universe!$B$1544) | DNS1: =IF(OR(SwitchTR<>"ON",Universe!$B$1545=""),"",Universe!$B$1545) | DNU1: =IF(OR(SwitchTR<>"ON",Universe!$B$1546=""),"",Universe!$B$1546) | DNW1: =IF(OR(SwitchTR<>"ON",Universe!$B$1547=""),"",Universe!$B$1547) | DNY1: =IF(OR(SwitchTR<>"ON",Universe!$B$1548=""),"",Universe!$B$1548) | DOA1: =IF(OR(SwitchTR<>"ON",Universe!$B$1549=""),"",Universe!$B$1549) | DOC1: =IF(OR(SwitchTR<>"ON",Universe!$B$1550=""),"",Universe!$B$1550) | DOE1: =IF(OR(SwitchTR<>"ON",Universe!$B$1551=""),"",Universe!$B$1551) | DOG1: =IF(OR(SwitchTR<>"ON",Universe!$B$1552=""),"",Universe!$B$1552) | DOI1: =IF(OR(SwitchTR<>"ON",Universe!$B$1553=""),"",Universe!$B$1553) | DOK1: =IF(OR(SwitchTR<>"ON",Universe!$B$1554=""),"",Universe!$B$1554) | DOM1: =IF(OR(SwitchTR<>"ON",Universe!$B$1555=""),"",Universe!$B$1555) | DOO1: =IF(OR(SwitchTR<>"ON",Universe!$B$1556=""),"",Universe!$B$1556) | DOQ1: =IF(OR(SwitchTR<>"ON",Universe!$B$1557=""),"",Universe!$B$1557) | DOS1: =IF(OR(SwitchTR<>"ON",Universe!$B$1558=""),"",Universe!$B$1558) | DOU1: =IF(OR(SwitchTR<>"ON",Universe!$B$1559=""),"",Universe!$B$1559) | DOW1: =IF(OR(SwitchTR<>"ON",Universe!$B$1560=""),"",Universe!$B$1560) | DOY1: =IF(OR(SwitchTR<>"ON",Universe!$B$1561=""),"",Universe!$B$1561) | DPA1: =IF(OR(SwitchTR<>"ON",Universe!$B$1562=""),"",Universe!$B$1562) | DPC1: =IF(OR(SwitchTR<>"ON",Universe!$B$1563=""),"",Universe!$B$1563) | DPE1: =IF(OR(SwitchTR<>"ON",Universe!$B$1564=""),"",Universe!$B$1564) | DPG1: =IF(OR(SwitchTR<>"ON",Universe!$B$1565=""),"",Universe!$B$1565) | DPI1: =IF(OR(SwitchTR<>"ON",Universe!$B$1566=""),"",Universe!$B$1566) | DPK1: =IF(OR(SwitchTR<>"ON",Universe!$B$1567=""),"",Universe!$B$1567) | DPM1: =IF(OR(SwitchTR<>"ON",Universe!$B$1568=""),"",Universe!$B$1568) | DPO1: =IF(OR(SwitchTR<>"ON",Universe!$B$1569=""),"",Universe!$B$1569) | DPQ1: =IF(OR(SwitchTR<>"ON",Universe!$B$1570=""),"",Universe!$B$1570) | DPS1: =IF(OR(SwitchTR<>"ON",Universe!$B$1571=""),"",Universe!$B$1571) | DPU1: =IF(OR(SwitchTR<>"ON",Universe!$B$1572=""),"",Universe!$B$1572) | DPW1: =IF(OR(SwitchTR<>"ON",Universe!$B$1573=""),"",Universe!$B$1573) | DPY1: =IF(OR(SwitchTR<>"ON",Universe!$B$1574=""),"",Universe!$B$1574) | DQA1: =IF(OR(SwitchTR<>"ON",Universe!$B$1575=""),"",Universe!$B$1575) | DQC1: =IF(OR(SwitchTR<>"ON",Universe!$B$1576=""),"",Universe!$B$1576) | DQE1: =IF(OR(SwitchTR<>"ON",Universe!$B$1577=""),"",Universe!$B$1577) | DQG1: =IF(OR(SwitchTR<>"ON",Universe!$B$1578=""),"",Universe!$B$1578) | DQI1: =IF(OR(SwitchTR<>"ON",Universe!$B$1579=""),"",Universe!$B$1579) | DQK1: =IF(OR(SwitchTR<>"ON",Universe!$B$1580=""),"",Universe!$B$1580) | DQM1: =IF(OR(SwitchTR<>"ON",Universe!$B$1581=""),"",Universe!$B$1581) | DQO1: =IF(OR(SwitchTR<>"ON",Universe!$B$1582=""),"",Universe!$B$1582) | DQQ1: =IF(OR(SwitchTR<>"ON",Universe!$B$1583=""),"",Universe!$B$1583) | DQS1: =IF(OR(SwitchTR<>"ON",Universe!$B$1584=""),"",Universe!$B$1584) | DQU1: =IF(OR(SwitchTR<>"ON",Universe!$B$1585=""),"",Universe!$B$1585) | DQW1: =IF(OR(SwitchTR<>"ON",Universe!$B$1586=""),"",Universe!$B$1586) | DQY1: =IF(OR(SwitchTR<>"ON",Universe!$B$1587=""),"",Universe!$B$1587) | DRA1: =IF(OR(SwitchTR<>"ON",Universe!$B$1588=""),"",Universe!$B$1588) | DRC1: =IF(OR(SwitchTR<>"ON",Universe!$B$1589=""),"",Universe!$B$1589) | DRE1: =IF(OR(SwitchTR<>"ON",Universe!$B$1590=""),"",Universe!$B$1590) | DRG1: =IF(OR(SwitchTR<>"ON",Universe!$B$1591=""),"",Universe!$B$1591) | DRI1: =IF(OR(SwitchTR<>"ON",Universe!$B$1592=""),"",Universe!$B$1592) | DRK1: =IF(OR(SwitchTR<>"ON",Universe!$B$1593=""),"",Universe!$B$1593) | DRM1: =IF(OR(SwitchTR<>"ON",Universe!$B$1594=""),"",Universe!$B$1594) | DRO1: =IF(OR(SwitchTR<>"ON",Universe!$B$1595=""),"",Universe!$B$1595) | DRQ1: =IF(OR(SwitchTR<>"ON",Universe!$B$1596=""),"",Universe!$B$1596) | DRS1: =IF(OR(SwitchTR<>"ON",Universe!$B$1597=""),"",Universe!$B$1597) | DRU1: =IF(OR(SwitchTR<>"ON",Universe!$B$1598=""),"",Universe!$B$1598) | DRW1: =IF(OR(SwitchTR<>"ON",Universe!$B$1599=""),"",Universe!$B$1599) | DRY1: =IF(OR(SwitchTR<>"ON",Universe!$B$1600=""),"",Universe!$B$1600) | DSA1: =IF(OR(SwitchTR<>"ON",Universe!$B$1601=""),"",Universe!$B$1601) | DSC1: =IF(OR(SwitchTR<>"ON",Universe!$B$1602=""),"",Universe!$B$1602) | DSE1: =IF(OR(SwitchTR<>"ON",Universe!$B$1603=""),"",Universe!$B$1603) | DSG1: =IF(OR(SwitchTR<>"ON",Universe!$B$1604=""),"",Universe!$B$1604) | DSI1: =IF(OR(SwitchTR<>"ON",Universe!$B$1605=""),"",Universe!$B$1605) | DSK1: =IF(OR(SwitchTR<>"ON",Universe!$B$1606=""),"",Universe!$B$1606) | DSM1: =IF(OR(SwitchTR<>"ON",Universe!$B$1607=""),"",Universe!$B$1607) | DSO1: =IF(OR(SwitchTR<>"ON",Universe!$B$1608=""),"",Universe!$B$1608) | DSQ1: =IF(OR(SwitchTR<>"ON",Universe!$B$1609=""),"",Universe!$B$1609) | DSS1: =IF(OR(SwitchTR<>"ON",Universe!$B$1610=""),"",Universe!$B$1610) | DSU1: =IF(OR(SwitchTR<>"ON",Universe!$B$1611=""),"",Universe!$B$1611) | DSW1: =IF(OR(SwitchTR<>"ON",Universe!$B$1612=""),"",Universe!$B$1612) | DSY1: =IF(OR(SwitchTR<>"ON",Universe!$B$1613=""),"",Universe!$B$1613) | DTA1: =IF(OR(SwitchTR<>"ON",Universe!$B$1614=""),"",Universe!$B$1614) | DTC1: =IF(OR(SwitchTR<>"ON",Universe!$B$1615=""),"",Universe!$B$1615) | DTE1: =IF(OR(SwitchTR<>"ON",Universe!$B$1616=""),"",Universe!$B$1616) | DTG1: =IF(OR(SwitchTR<>"ON",Universe!$B$1617=""),"",Universe!$B$1617) | DTI1: =IF(OR(SwitchTR<>"ON",Universe!$B$1618=""),"",Universe!$B$1618) | DTK1: =IF(OR(SwitchTR<>"ON",Universe!$B$1619=""),"",Universe!$B$1619) | DTM1: =IF(OR(SwitchTR<>"ON",Universe!$B$1620=""),"",Universe!$B$1620) | DTO1: =IF(OR(SwitchTR<>"ON",Universe!$B$1621=""),"",Universe!$B$1621) | DTQ1: =IF(OR(SwitchTR<>"ON",Universe!$B$1622=""),"",Universe!$B$1622) | DTS1: =IF(OR(SwitchTR<>"ON",Universe!$B$1623=""),"",Universe!$B$1623) | DTU1: =IF(OR(SwitchTR<>"ON",Universe!$B$1624=""),"",Universe!$B$1624) | DTW1: =IF(OR(SwitchTR<>"ON",Universe!$B$1625=""),"",Universe!$B$1625) | DTY1: =IF(OR(SwitchTR<>"ON",Universe!$B$1626=""),"",Universe!$B$1626) | DUA1: =IF(OR(SwitchTR<>"ON",Universe!$B$1627=""),"",Universe!$B$1627) | DUC1: =IF(OR(SwitchTR<>"ON",Universe!$B$1628=""),"",Universe!$B$1628) | DUE1: =IF(OR(SwitchTR<>"ON",Universe!$B$1629=""),"",Universe!$B$1629) | DUG1: =IF(OR(SwitchTR<>"ON",Universe!$B$1630=""),"",Universe!$B$1630) | DUI1: =IF(OR(SwitchTR<>"ON",Universe!$B$1631=""),"",Universe!$B$1631) | DUK1: =IF(OR(SwitchTR<>"ON",Universe!$B$1632=""),"",Universe!$B$1632) | DUM1: =IF(OR(SwitchTR<>"ON",Universe!$B$1633=""),"",Universe!$B$1633) | DUO1: =IF(OR(SwitchTR<>"ON",Universe!$B$1634=""),"",Universe!$B$1634) | DUQ1: =IF(OR(SwitchTR<>"ON",Universe!$B$1635=""),"",Universe!$B$1635) | DUS1: =IF(OR(SwitchTR<>"ON",Universe!$B$1636=""),"",Universe!$B$1636) | DUU1: =IF(OR(SwitchTR<>"ON",Universe!$B$1637=""),"",Universe!$B$1637) | DUW1: =IF(OR(SwitchTR<>"ON",Universe!$B$1638=""),"",Universe!$B$1638) | DUY1: =IF(OR(SwitchTR<>"ON",Universe!$B$1639=""),"",Universe!$B$1639) | DVA1: =IF(OR(SwitchTR<>"ON",Universe!$B$1640=""),"",Universe!$B$1640) | DVC1: =IF(OR(SwitchTR<>"ON",Universe!$B$1641=""),"",Universe!$B$1641) | DVE1: =IF(OR(SwitchTR<>"ON",Universe!$B$1642=""),"",Universe!$B$1642) | DVG1: =IF(OR(SwitchTR<>"ON",Universe!$B$1643=""),"",Universe!$B$1643) | DVI1: =IF(OR(SwitchTR<>"ON",Universe!$B$1644=""),"",Universe!$B$1644) | DVK1: =IF(OR(SwitchTR<>"ON",Universe!$B$1645=""),"",Universe!$B$1645) | DVM1: =IF(OR(SwitchTR<>"ON",Universe!$B$1646=""),"",Universe!$B$1646) | DVO1: =IF(OR(SwitchTR<>"ON",Universe!$B$1647=""),"",Universe!$B$1647) | DVQ1: =IF(OR(SwitchTR<>"ON",Universe!$B$1648=""),"",Universe!$B$1648) | DVS1: =IF(OR(SwitchTR<>"ON",Universe!$B$1649=""),"",Universe!$B$1649) | DVU1: =IF(OR(SwitchTR<>"ON",Universe!$B$1650=""),"",Universe!$B$1650) | DVW1: =IF(OR(SwitchTR<>"ON",Universe!$B$1651=""),"",Universe!$B$1651) | DVY1: =IF(OR(SwitchTR<>"ON",Universe!$B$1652=""),"",Universe!$B$1652) | DWA1: =IF(OR(SwitchTR<>"ON",Universe!$B$1653=""),"",Universe!$B$1653) | DWC1: =IF(OR(SwitchTR<>"ON",Universe!$B$1654=""),"",Universe!$B$1654) | DWE1: =IF(OR(SwitchTR<>"ON",Universe!$B$1655=""),"",Universe!$B$1655) | DWG1: =IF(OR(SwitchTR<>"ON",Universe!$B$1656=""),"",Universe!$B$1656) | DWI1: =IF(OR(SwitchTR<>"ON",Universe!$B$1657=""),"",Universe!$B$1657) | DWK1: =IF(OR(SwitchTR<>"ON",Universe!$B$1658=""),"",Universe!$B$1658) | DWM1: =IF(OR(SwitchTR<>"ON",Universe!$B$1659=""),"",Universe!$B$1659) | DWO1: =IF(OR(SwitchTR<>"ON",Universe!$B$1660=""),"",Universe!$B$1660) | DWQ1: =IF(OR(SwitchTR<>"ON",Universe!$B$1661=""),"",Universe!$B$1661) | DWS1: =IF(OR(SwitchTR<>"ON",Universe!$B$1662=""),"",Universe!$B$1662) | DWU1: =IF(OR(SwitchTR<>"ON",Universe!$B$1663=""),"",Universe!$B$1663) | DWW1: =IF(OR(SwitchTR<>"ON",Universe!$B$1664=""),"",Universe!$B$1664) | DWY1: =IF(OR(SwitchTR<>"ON",Universe!$B$1665=""),"",Universe!$B$1665) | DXA1: =IF(OR(SwitchTR<>"ON",Universe!$B$1666=""),"",Universe!$B$1666) | DXC1: =IF(OR(SwitchTR<>"ON",Universe!$B$1667=""),"",Universe!$B$1667) | DXE1: =IF(OR(SwitchTR<>"ON",Universe!$B$1668=""),"",Universe!$B$1668) | DXG1: =IF(OR(SwitchTR<>"ON",Universe!$B$1669=""),"",Universe!$B$1669) | DXI1: =IF(OR(SwitchTR<>"ON",Universe!$B$1670=""),"",Universe!$B$1670) | DXK1: =IF(OR(SwitchTR<>"ON",Universe!$B$1671=""),"",Universe!$B$1671) | DXM1: =IF(OR(SwitchTR<>"ON",Universe!$B$1672=""),"",Universe!$B$1672) | DXO1: =IF(OR(SwitchTR<>"ON",Universe!$B$1673=""),"",Universe!$B$1673) | DXQ1: =IF(OR(SwitchTR<>"ON",Universe!$B$1674=""),"",Universe!$B$1674) | DXS1: =IF(OR(SwitchTR<>"ON",Universe!$B$1675=""),"",Universe!$B$1675) | DXU1: =IF(OR(SwitchTR<>"ON",Universe!$B$1676=""),"",Universe!$B$1676) | DXW1: =IF(OR(SwitchTR<>"ON",Universe!$B$1677=""),"",Universe!$B$1677) | DXY1: =IF(OR(SwitchTR<>"ON",Universe!$B$1678=""),"",Universe!$B$1678) | DYA1: =IF(OR(SwitchTR<>"ON",Universe!$B$1679=""),"",Universe!$B$1679) | DYC1: =IF(OR(SwitchTR<>"ON",Universe!$B$1680=""),"",Universe!$B$1680) | DYE1: =IF(OR(SwitchTR<>"ON",Universe!$B$1681=""),"",Universe!$B$1681) | DYG1: =IF(OR(SwitchTR<>"ON",Universe!$B$1682=""),"",Universe!$B$1682) | DYI1: =IF(OR(SwitchTR<>"ON",Universe!$B$1683=""),"",Universe!$B$1683) | DYK1: =IF(OR(SwitchTR<>"ON",Universe!$B$1684=""),"",Universe!$B$1684) | DYM1: =IF(OR(SwitchTR<>"ON",Universe!$B$1685=""),"",Universe!$B$1685) | DYO1: =IF(OR(SwitchTR<>"ON",Universe!$B$1686=""),"",Universe!$B$1686) | DYQ1: =IF(OR(SwitchTR<>"ON",Universe!$B$1687=""),"",Universe!$B$1687) | DYS1: =IF(OR(SwitchTR<>"ON",Universe!$B$1688=""),"",Universe!$B$1688) | DYU1: =IF(OR(SwitchTR<>"ON",Universe!$B$1689=""),"",Universe!$B$1689) | DYW1: =IF(OR(SwitchTR<>"ON",Universe!$B$1690=""),"",Universe!$B$1690) | DYY1: =IF(OR(SwitchTR<>"ON",Universe!$B$1691=""),"",Universe!$B$1691) | DZA1: =IF(OR(SwitchTR<>"ON",Universe!$B$1692=""),"",Universe!$B$1692) | DZC1: =IF(OR(SwitchTR<>"ON",Universe!$B$1693=""),"",Universe!$B$1693) | DZE1: =IF(OR(SwitchTR<>"ON",Universe!$B$1694=""),"",Universe!$B$1694) | DZG1: =IF(OR(SwitchTR<>"ON",Universe!$B$1695=""),"",Universe!$B$1695) | DZI1: =IF(OR(SwitchTR<>"ON",Universe!$B$1696=""),"",Universe!$B$1696) | DZK1: =IF(OR(SwitchTR<>"ON",Universe!$B$1697=""),"",Universe!$B$1697) | DZM1: =IF(OR(SwitchTR<>"ON",Universe!$B$1698=""),"",Universe!$B$1698) | DZO1: =IF(OR(SwitchTR<>"ON",Universe!$B$1699=""),"",Universe!$B$1699) | DZQ1: =IF(OR(SwitchTR<>"ON",Universe!$B$1700=""),"",Universe!$B$1700) | DZS1: =IF(OR(SwitchTR<>"ON",Universe!$B$1701=""),"",Universe!$B$1701) | DZU1: =IF(OR(SwitchTR<>"ON",Universe!$B$1702=""),"",Universe!$B$1702) | DZW1: =IF(OR(SwitchTR<>"ON",Universe!$B$1703=""),"",Universe!$B$1703) | DZY1: =IF(OR(SwitchTR<>"ON",Universe!$B$1704=""),"",Universe!$B$1704) | EAA1: =IF(OR(SwitchTR<>"ON",Universe!$B$1705=""),"",Universe!$B$1705) | EAC1: =IF(OR(SwitchTR<>"ON",Universe!$B$1706=""),"",Universe!$B$1706) | EAE1: =IF(OR(SwitchTR<>"ON",Universe!$B$1707=""),"",Universe!$B$1707) | EAG1: =IF(OR(SwitchTR<>"ON",Universe!$B$1708=""),"",Universe!$B$1708) | EAI1: =IF(OR(SwitchTR<>"ON",Universe!$B$1709=""),"",Universe!$B$1709) | EAK1: =IF(OR(SwitchTR<>"ON",Universe!$B$1710=""),"",Universe!$B$1710) | EAM1: =IF(OR(SwitchTR<>"ON",Universe!$B$1711=""),"",Universe!$B$1711) | EAO1: =IF(OR(SwitchTR<>"ON",Universe!$B$1712=""),"",Universe!$B$1712) | EAQ1: =IF(OR(SwitchTR<>"ON",Universe!$B$1713=""),"",Universe!$B$1713) | EAS1: =IF(OR(SwitchTR<>"ON",Universe!$B$1714=""),"",Universe!$B$1714) | EAU1: =IF(OR(SwitchTR<>"ON",Universe!$B$1715=""),"",Universe!$B$1715) | EAW1: =IF(OR(SwitchTR<>"ON",Universe!$B$1716=""),"",Universe!$B$1716) | EAY1: =IF(OR(SwitchTR<>"ON",Universe!$B$1717=""),"",Universe!$B$1717) | EBA1: =IF(OR(SwitchTR<>"ON",Universe!$B$1718=""),"",Universe!$B$1718) | EBC1: =IF(OR(SwitchTR<>"ON",Universe!$B$1719=""),"",Universe!$B$1719) | EBE1: =IF(OR(SwitchTR<>"ON",Universe!$B$1720=""),"",Universe!$B$1720) | EBG1: =IF(OR(SwitchTR<>"ON",Universe!$B$1721=""),"",Universe!$B$1721) | EBI1: =IF(OR(SwitchTR<>"ON",Universe!$B$1722=""),"",Universe!$B$1722) | EBK1: =IF(OR(SwitchTR<>"ON",Universe!$B$1723=""),"",Universe!$B$1723) | EBM1: =IF(OR(SwitchTR<>"ON",Universe!$B$1724=""),"",Universe!$B$1724) | EBO1: =IF(OR(SwitchTR<>"ON",Universe!$B$1725=""),"",Universe!$B$1725) | EBQ1: =IF(OR(SwitchTR<>"ON",Universe!$B$1726=""),"",Universe!$B$1726) | EBS1: =IF(OR(SwitchTR<>"ON",Universe!$B$1727=""),"",Universe!$B$1727) | EBU1: =IF(OR(SwitchTR<>"ON",Universe!$B$1728=""),"",Universe!$B$1728) | EBW1: =IF(OR(SwitchTR<>"ON",Universe!$B$1729=""),"",Universe!$B$1729) | EBY1: =IF(OR(SwitchTR<>"ON",Universe!$B$1730=""),"",Universe!$B$1730) | ECA1: =IF(OR(SwitchTR<>"ON",Universe!$B$1731=""),"",Universe!$B$1731) | ECC1: =IF(OR(SwitchTR<>"ON",Universe!$B$1732=""),"",Universe!$B$1732) | ECE1: =IF(OR(SwitchTR<>"ON",Universe!$B$1733=""),"",Universe!$B$1733) | ECG1: =IF(OR(SwitchTR<>"ON",Universe!$B$1734=""),"",Universe!$B$1734) | ECI1: =IF(OR(SwitchTR<>"ON",Universe!$B$1735=""),"",Universe!$B$1735) | ECK1: =IF(OR(SwitchTR<>"ON",Universe!$B$1736=""),"",Universe!$B$1736) | ECM1: =IF(OR(SwitchTR<>"ON",Universe!$B$1737=""),"",Universe!$B$1737) | ECO1: =IF(OR(SwitchTR<>"ON",Universe!$B$1738=""),"",Universe!$B$1738) | ECQ1: =IF(OR(SwitchTR<>"ON",Universe!$B$1739=""),"",Universe!$B$1739) | ECS1: =IF(OR(SwitchTR<>"ON",Universe!$B$1740=""),"",Universe!$B$1740) | ECU1: =IF(OR(SwitchTR<>"ON",Universe!$B$1741=""),"",Universe!$B$1741) | ECW1: =IF(OR(SwitchTR<>"ON",Universe!$B$1742=""),"",Universe!$B$1742) | ECY1: =IF(OR(SwitchTR<>"ON",Universe!$B$1743=""),"",Universe!$B$1743) | EDA1: =IF(OR(SwitchTR<>"ON",Universe!$B$1744=""),"",Universe!$B$1744) | EDC1: =IF(OR(SwitchTR<>"ON",Universe!$B$1745=""),"",Universe!$B$1745) | EDE1: =IF(OR(SwitchTR<>"ON",Universe!$B$1746=""),"",Universe!$B$1746) | EDG1: =IF(OR(SwitchTR<>"ON",Universe!$B$1747=""),"",Universe!$B$1747) | EDI1: =IF(OR(SwitchTR<>"ON",Universe!$B$1748=""),"",Universe!$B$1748) | EDK1: =IF(OR(SwitchTR<>"ON",Universe!$B$1749=""),"",Universe!$B$1749) | EDM1: =IF(OR(SwitchTR<>"ON",Universe!$B$1750=""),"",Universe!$B$1750) | EDO1: =IF(OR(SwitchTR<>"ON",Universe!$B$1751=""),"",Universe!$B$1751) | EDQ1: =IF(OR(SwitchTR<>"ON",Universe!$B$1752=""),"",Universe!$B$1752) | EDS1: =IF(OR(SwitchTR<>"ON",Universe!$B$1753=""),"",Universe!$B$1753) | EDU1: =IF(OR(SwitchTR<>"ON",Universe!$B$1754=""),"",Universe!$B$1754) | EDW1: =IF(OR(SwitchTR<>"ON",Universe!$B$1755=""),"",Universe!$B$1755) | EDY1: =IF(OR(SwitchTR<>"ON",Universe!$B$1756=""),"",Universe!$B$1756) | EEA1: =IF(OR(SwitchTR<>"ON",Universe!$B$1757=""),"",Universe!$B$1757) | EEC1: =IF(OR(SwitchTR<>"ON",Universe!$B$1758=""),"",Universe!$B$1758) | EEE1: =IF(OR(SwitchTR<>"ON",Universe!$B$1759=""),"",Universe!$B$1759) | EEG1: =IF(OR(SwitchTR<>"ON",Universe!$B$1760=""),"",Universe!$B$1760) | EEI1: =IF(OR(SwitchTR<>"ON",Universe!$B$1761=""),"",Universe!$B$1761) | EEK1: =IF(OR(SwitchTR<>"ON",Universe!$B$1762=""),"",Universe!$B$1762) | EEM1: =IF(OR(SwitchTR<>"ON",Universe!$B$1763=""),"",Universe!$B$1763) | EEO1: =IF(OR(SwitchTR<>"ON",Universe!$B$1764=""),"",Universe!$B$1764) | EEQ1: =IF(OR(SwitchTR<>"ON",Universe!$B$1765=""),"",Universe!$B$1765) | EES1: =IF(OR(SwitchTR<>"ON",Universe!$B$1766=""),"",Universe!$B$1766) | EEU1: =IF(OR(SwitchTR<>"ON",Universe!$B$1767=""),"",Universe!$B$1767) | EEW1: =IF(OR(SwitchTR<>"ON",Universe!$B$1768=""),"",Universe!$B$1768) | EEY1: =IF(OR(SwitchTR<>"ON",Universe!$B$1769=""),"",Universe!$B$1769) | EFA1: =IF(OR(SwitchTR<>"ON",Universe!$B$1770=""),"",Universe!$B$1770) | EFC1: =IF(OR(SwitchTR<>"ON",Universe!$B$1771=""),"",Universe!$B$1771) | EFE1: =IF(OR(SwitchTR<>"ON",Universe!$B$1772=""),"",Universe!$B$1772) | EFG1: =IF(OR(SwitchTR<>"ON",Universe!$B$1773=""),"",Universe!$B$1773) | EFI1: =IF(OR(SwitchTR<>"ON",Universe!$B$1774=""),"",Universe!$B$1774) | EFK1: =IF(OR(SwitchTR<>"ON",Universe!$B$1775=""),"",Universe!$B$1775) | EFM1: =IF(OR(SwitchTR<>"ON",Universe!$B$1776=""),"",Universe!$B$1776) | EFO1: =IF(OR(SwitchTR<>"ON",Universe!$B$1777=""),"",Universe!$B$1777) | EFQ1: =IF(OR(SwitchTR<>"ON",Universe!$B$1778=""),"",Universe!$B$1778) | EFS1: =IF(OR(SwitchTR<>"ON",Universe!$B$1779=""),"",Universe!$B$1779) | EFU1: =IF(OR(SwitchTR<>"ON",Universe!$B$1780=""),"",Universe!$B$1780) | EFW1: =IF(OR(SwitchTR<>"ON",Universe!$B$1781=""),"",Universe!$B$1781) | EFY1: =IF(OR(SwitchTR<>"ON",Universe!$B$1782=""),"",Universe!$B$1782) | EGA1: =IF(OR(SwitchTR<>"ON",Universe!$B$1783=""),"",Universe!$B$1783) | EGC1: =IF(OR(SwitchTR<>"ON",Universe!$B$1784=""),"",Universe!$B$1784) | EGE1: =IF(OR(SwitchTR<>"ON",Universe!$B$1785=""),"",Universe!$B$1785) | EGG1: =IF(OR(SwitchTR<>"ON",Universe!$B$1786=""),"",Universe!$B$1786) | EGI1: =IF(OR(SwitchTR<>"ON",Universe!$B$1787=""),"",Universe!$B$1787) | EGK1: =IF(OR(SwitchTR<>"ON",Universe!$B$1788=""),"",Universe!$B$1788) | EGM1: =IF(OR(SwitchTR<>"ON",Universe!$B$1789=""),"",Universe!$B$1789) | EGO1: =IF(OR(SwitchTR<>"ON",Universe!$B$1790=""),"",Universe!$B$1790) | EGQ1: =IF(OR(SwitchTR<>"ON",Universe!$B$1791=""),"",Universe!$B$1791) | EGS1: =IF(OR(SwitchTR<>"ON",Universe!$B$1792=""),"",Universe!$B$1792) | EGU1: =IF(OR(SwitchTR<>"ON",Universe!$B$1793=""),"",Universe!$B$1793) | EGW1: =IF(OR(SwitchTR<>"ON",Universe!$B$1794=""),"",Universe!$B$1794) | EGY1: =IF(OR(SwitchTR<>"ON",Universe!$B$1795=""),"",Universe!$B$1795) | EHA1: =IF(OR(SwitchTR<>"ON",Universe!$B$1796=""),"",Universe!$B$1796) | EHC1: =IF(OR(SwitchTR<>"ON",Universe!$B$1797=""),"",Universe!$B$1797) | EHE1: =IF(OR(SwitchTR<>"ON",Universe!$B$1798=""),"",Universe!$B$1798) | EHG1: =IF(OR(SwitchTR<>"ON",Universe!$B$1799=""),"",Universe!$B$1799) | EHI1: =IF(OR(SwitchTR<>"ON",Universe!$B$1800=""),"",Universe!$B$1800) | EHK1: =IF(OR(SwitchTR<>"ON",Universe!$B$1801=""),"",Universe!$B$1801) | EHM1: =IF(OR(SwitchTR<>"ON",Universe!$B$1802=""),"",Universe!$B$1802) | EHO1: =IF(OR(SwitchTR<>"ON",Universe!$B$1803=""),"",Universe!$B$1803) | EHQ1: =IF(OR(SwitchTR<>"ON",Universe!$B$1804=""),"",Universe!$B$1804) | EHS1: =IF(OR(SwitchTR<>"ON",Universe!$B$1805=""),"",Universe!$B$1805) | EHU1: =IF(OR(SwitchTR<>"ON",Universe!$B$1806=""),"",Universe!$B$1806) | EHW1: =IF(OR(SwitchTR<>"ON",Universe!$B$1807=""),"",Universe!$B$1807) | EHY1: =IF(OR(SwitchTR<>"ON",Universe!$B$1808=""),"",Universe!$B$1808) | EIA1: =IF(OR(SwitchTR<>"ON",Universe!$B$1809=""),"",Universe!$B$1809) | EIC1: =IF(OR(SwitchTR<>"ON",Universe!$B$1810=""),"",Universe!$B$1810) | EIE1: =IF(OR(SwitchTR<>"ON",Universe!$B$1811=""),"",Universe!$B$1811) | EIG1: =IF(OR(SwitchTR<>"ON",Universe!$B$1812=""),"",Universe!$B$1812) | EII1: =IF(OR(SwitchTR<>"ON",Universe!$B$1813=""),"",Universe!$B$1813) | EIK1: =IF(OR(SwitchTR<>"ON",Universe!$B$1814=""),"",Universe!$B$1814) | EIM1: =IF(OR(SwitchTR<>"ON",Universe!$B$1815=""),"",Universe!$B$1815) | EIO1: =IF(OR(SwitchTR<>"ON",Universe!$B$1816=""),"",Universe!$B$1816) | EIQ1: =IF(OR(SwitchTR<>"ON",Universe!$B$1817=""),"",Universe!$B$1817) | EIS1: =IF(OR(SwitchTR<>"ON",Universe!$B$1818=""),"",Universe!$B$1818) | EIU1: =IF(OR(SwitchTR<>"ON",Universe!$B$1819=""),"",Universe!$B$1819) | EIW1: =IF(OR(SwitchTR<>"ON",Universe!$B$1820=""),"",Universe!$B$1820) | EIY1: =IF(OR(SwitchTR<>"ON",Universe!$B$1821=""),"",Universe!$B$1821) | EJA1: =IF(OR(SwitchTR<>"ON",Universe!$B$1822=""),"",Universe!$B$1822) | EJC1: =IF(OR(SwitchTR<>"ON",Universe!$B$1823=""),"",Universe!$B$1823) | EJE1: =IF(OR(SwitchTR<>"ON",Universe!$B$1824=""),"",Universe!$B$1824) | EJG1: =IF(OR(SwitchTR<>"ON",Universe!$B$1825=""),"",Universe!$B$1825) | EJI1: =IF(OR(SwitchTR<>"ON",Universe!$B$1826=""),"",Universe!$B$1826) | EJK1: =IF(OR(SwitchTR<>"ON",Universe!$B$1827=""),"",Universe!$B$1827) | EJM1: =IF(OR(SwitchTR<>"ON",Universe!$B$1828=""),"",Universe!$B$1828) | EJO1: =IF(OR(SwitchTR<>"ON",Universe!$B$1829=""),"",Universe!$B$1829) | EJQ1: =IF(OR(SwitchTR<>"ON",Universe!$B$1830=""),"",Universe!$B$1830) | EJS1: =IF(OR(SwitchTR<>"ON",Universe!$B$1831=""),"",Universe!$B$1831) | EJU1: =IF(OR(SwitchTR<>"ON",Universe!$B$1832=""),"",Universe!$B$1832) | EJW1: =IF(OR(SwitchTR<>"ON",Universe!$B$1833=""),"",Universe!$B$1833) | EJY1: =IF(OR(SwitchTR<>"ON",Universe!$B$1834=""),"",Universe!$B$1834) | EKA1: =IF(OR(SwitchTR<>"ON",Universe!$B$1835=""),"",Universe!$B$1835) | EKC1: =IF(OR(SwitchTR<>"ON",Universe!$B$1836=""),"",Universe!$B$1836) | EKE1: =IF(OR(SwitchTR<>"ON",Universe!$B$1837=""),"",Universe!$B$1837) | EKG1: =IF(OR(SwitchTR<>"ON",Universe!$B$1838=""),"",Universe!$B$1838) | EKI1: =IF(OR(SwitchTR<>"ON",Universe!$B$1839=""),"",Universe!$B$1839) | EKK1: =IF(OR(SwitchTR<>"ON",Universe!$B$1840=""),"",Universe!$B$1840) | EKM1: =IF(OR(SwitchTR<>"ON",Universe!$B$1841=""),"",Universe!$B$1841) | EKO1: =IF(OR(SwitchTR<>"ON",Universe!$B$1842=""),"",Universe!$B$1842) | EKQ1: =IF(OR(SwitchTR<>"ON",Universe!$B$1843=""),"",Universe!$B$1843) | EKS1: =IF(OR(SwitchTR<>"ON",Universe!$B$1844=""),"",Universe!$B$1844) | EKU1: =IF(OR(SwitchTR<>"ON",Universe!$B$1845=""),"",Universe!$B$1845) | EKW1: =IF(OR(SwitchTR<>"ON",Universe!$B$1846=""),"",Universe!$B$1846) | EKY1: =IF(OR(SwitchTR<>"ON",Universe!$B$1847=""),"",Universe!$B$1847) | ELA1: =IF(OR(SwitchTR<>"ON",Universe!$B$1848=""),"",Universe!$B$1848) | ELC1: =IF(OR(SwitchTR<>"ON",Universe!$B$1849=""),"",Universe!$B$1849) | ELE1: =IF(OR(SwitchTR<>"ON",Universe!$B$1850=""),"",Universe!$B$1850) | ELG1: =IF(OR(SwitchTR<>"ON",Universe!$B$1851=""),"",Universe!$B$1851) | ELI1: =IF(OR(SwitchTR<>"ON",Universe!$B$1852=""),"",Universe!$B$1852) | ELK1: =IF(OR(SwitchTR<>"ON",Universe!$B$1853=""),"",Universe!$B$1853) | ELM1: =IF(OR(SwitchTR<>"ON",Universe!$B$1854=""),"",Universe!$B$1854) | ELO1: =IF(OR(SwitchTR<>"ON",Universe!$B$1855=""),"",Universe!$B$1855) | ELQ1: =IF(OR(SwitchTR<>"ON",Universe!$B$1856=""),"",Universe!$B$1856) | ELS1: =IF(OR(SwitchTR<>"ON",Universe!$B$1857=""),"",Universe!$B$1857) | ELU1: =IF(OR(SwitchTR<>"ON",Universe!$B$1858=""),"",Universe!$B$1858) | ELW1: =IF(OR(SwitchTR<>"ON",Universe!$B$1859=""),"",Universe!$B$1859) | ELY1: =IF(OR(SwitchTR<>"ON",Universe!$B$1860=""),"",Universe!$B$1860) | EMA1: =IF(OR(SwitchTR<>"ON",Universe!$B$1861=""),"",Universe!$B$1861) | EMC1: =IF(OR(SwitchTR<>"ON",Universe!$B$1862=""),"",Universe!$B$1862) | EME1: =IF(OR(SwitchTR<>"ON",Universe!$B$1863=""),"",Universe!$B$1863) | EMG1: =IF(OR(SwitchTR<>"ON",Universe!$B$1864=""),"",Universe!$B$1864) | EMI1: =IF(OR(SwitchTR<>"ON",Universe!$B$1865=""),"",Universe!$B$1865) | EMK1: =IF(OR(SwitchTR<>"ON",Universe!$B$1866=""),"",Universe!$B$1866) | EMM1: =IF(OR(SwitchTR<>"ON",Universe!$B$1867=""),"",Universe!$B$1867) | EMO1: =IF(OR(SwitchTR<>"ON",Universe!$B$1868=""),"",Universe!$B$1868) | EMQ1: =IF(OR(SwitchTR<>"ON",Universe!$B$1869=""),"",Universe!$B$1869) | EMS1: =IF(OR(SwitchTR<>"ON",Universe!$B$1870=""),"",Universe!$B$1870) | EMU1: =IF(OR(SwitchTR<>"ON",Universe!$B$1871=""),"",Universe!$B$1871) | EMW1: =IF(OR(SwitchTR<>"ON",Universe!$B$1872=""),"",Universe!$B$1872) | EMY1: =IF(OR(SwitchTR<>"ON",Universe!$B$1873=""),"",Universe!$B$1873) | ENA1: =IF(OR(SwitchTR<>"ON",Universe!$B$1874=""),"",Universe!$B$1874) | ENC1: =IF(OR(SwitchTR<>"ON",Universe!$B$1875=""),"",Universe!$B$1875) | ENE1: =IF(OR(SwitchTR<>"ON",Universe!$B$1876=""),"",Universe!$B$1876) | ENG1: =IF(OR(SwitchTR<>"ON",Universe!$B$1877=""),"",Universe!$B$1877) | ENI1: =IF(OR(SwitchTR<>"ON",Universe!$B$1878=""),"",Universe!$B$1878) | ENK1: =IF(OR(SwitchTR<>"ON",Universe!$B$1879=""),"",Universe!$B$1879) | ENM1: =IF(OR(SwitchTR<>"ON",Universe!$B$1880=""),"",Universe!$B$1880) | ENO1: =IF(OR(SwitchTR<>"ON",Universe!$B$1881=""),"",Universe!$B$1881) | ENQ1: =IF(OR(SwitchTR<>"ON",Universe!$B$1882=""),"",Universe!$B$1882) | ENS1: =IF(OR(SwitchTR<>"ON",Universe!$B$1883=""),"",Universe!$B$1883) | ENU1: =IF(OR(SwitchTR<>"ON",Universe!$B$1884=""),"",Universe!$B$1884) | ENW1: =IF(OR(SwitchTR<>"ON",Universe!$B$1885=""),"",Universe!$B$1885) | ENY1: =IF(OR(SwitchTR<>"ON",Universe!$B$1886=""),"",Universe!$B$1886) | EOA1: =IF(OR(SwitchTR<>"ON",Universe!$B$1887=""),"",Universe!$B$1887) | EOC1: =IF(OR(SwitchTR<>"ON",Universe!$B$1888=""),"",Universe!$B$1888) | EOE1: =IF(OR(SwitchTR<>"ON",Universe!$B$1889=""),"",Universe!$B$1889) | EOG1: =IF(OR(SwitchTR<>"ON",Universe!$B$1890=""),"",Universe!$B$1890) | EOI1: =IF(OR(SwitchTR<>"ON",Universe!$B$1891=""),"",Universe!$B$1891) | EOK1: =IF(OR(SwitchTR<>"ON",Universe!$B$1892=""),"",Universe!$B$1892) | EOM1: =IF(OR(SwitchTR<>"ON",Universe!$B$1893=""),"",Universe!$B$1893) | EOO1: =IF(OR(SwitchTR<>"ON",Universe!$B$1894=""),"",Universe!$B$1894) | EOQ1: =IF(OR(SwitchTR<>"ON",Universe!$B$1895=""),"",Universe!$B$1895) | EOS1: =IF(OR(SwitchTR<>"ON",Universe!$B$1896=""),"",Universe!$B$1896) | EOU1: =IF(OR(SwitchTR<>"ON",Universe!$B$1897=""),"",Universe!$B$1897) | EOW1: =IF(OR(SwitchTR<>"ON",Universe!$B$1898=""),"",Universe!$B$1898) | EOY1: =IF(OR(SwitchTR<>"ON",Universe!$B$1899=""),"",Universe!$B$1899) | EPA1: =IF(OR(SwitchTR<>"ON",Universe!$B$1900=""),"",Universe!$B$1900) | EPC1: =IF(OR(SwitchTR<>"ON",Universe!$B$1901=""),"",Universe!$B$1901) | EPE1: =IF(OR(SwitchTR<>"ON",Universe!$B$1902=""),"",Universe!$B$1902) | EPG1: =IF(OR(SwitchTR<>"ON",Universe!$B$1903=""),"",Universe!$B$1903) | EPI1: =IF(OR(SwitchTR<>"ON",Universe!$B$1904=""),"",Universe!$B$1904) | EPK1: =IF(OR(SwitchTR<>"ON",Universe!$B$1905=""),"",Universe!$B$1905) | EPM1: =IF(OR(SwitchTR<>"ON",Universe!$B$1906=""),"",Universe!$B$1906) | EPO1: =IF(OR(SwitchTR<>"ON",Universe!$B$1907=""),"",Universe!$B$1907) | EPQ1: =IF(OR(SwitchTR<>"ON",Universe!$B$1908=""),"",Universe!$B$1908) | EPS1: =IF(OR(SwitchTR<>"ON",Universe!$B$1909=""),"",Universe!$B$1909) | EPU1: =IF(OR(SwitchTR<>"ON",Universe!$B$1910=""),"",Universe!$B$1910) | EPW1: =IF(OR(SwitchTR<>"ON",Universe!$B$1911=""),"",Universe!$B$1911) | EPY1: =IF(OR(SwitchTR<>"ON",Universe!$B$1912=""),"",Universe!$B$1912) | EQA1: =IF(OR(SwitchTR<>"ON",Universe!$B$1913=""),"",Universe!$B$1913) | EQC1: =IF(OR(SwitchTR<>"ON",Universe!$B$1914=""),"",Universe!$B$1914) | EQE1: =IF(OR(SwitchTR<>"ON",Universe!$B$1915=""),"",Universe!$B$1915) | EQG1: =IF(OR(SwitchTR<>"ON",Universe!$B$1916=""),"",Universe!$B$1916) | EQI1: =IF(OR(SwitchTR<>"ON",Universe!$B$1917=""),"",Universe!$B$1917) | EQK1: =IF(OR(SwitchTR<>"ON",Universe!$B$1918=""),"",Universe!$B$1918) | EQM1: =IF(OR(SwitchTR<>"ON",Universe!$B$1919=""),"",Universe!$B$1919) | EQO1: =IF(OR(SwitchTR<>"ON",Universe!$B$1920=""),"",Universe!$B$1920) | EQQ1: =IF(OR(SwitchTR<>"ON",Universe!$B$1921=""),"",Universe!$B$1921) | EQS1: =IF(OR(SwitchTR<>"ON",Universe!$B$1922=""),"",Universe!$B$1922) | EQU1: =IF(OR(SwitchTR<>"ON",Universe!$B$1923=""),"",Universe!$B$1923) | EQW1: =IF(OR(SwitchTR<>"ON",Universe!$B$1924=""),"",Universe!$B$1924) | EQY1: =IF(OR(SwitchTR<>"ON",Universe!$B$1925=""),"",Universe!$B$1925) | ERA1: =IF(OR(SwitchTR<>"ON",Universe!$B$1926=""),"",Universe!$B$1926) | ERC1: =IF(OR(SwitchTR<>"ON",Universe!$B$1927=""),"",Universe!$B$1927) | ERE1: =IF(OR(SwitchTR<>"ON",Universe!$B$1928=""),"",Universe!$B$1928) | ERG1: =IF(OR(SwitchTR<>"ON",Universe!$B$1929=""),"",Universe!$B$1929) | ERI1: =IF(OR(SwitchTR<>"ON",Universe!$B$1930=""),"",Universe!$B$1930) | ERK1: =IF(OR(SwitchTR<>"ON",Universe!$B$1931=""),"",Universe!$B$1931) | ERM1: =IF(OR(SwitchTR<>"ON",Universe!$B$1932=""),"",Universe!$B$1932) | ERO1: =IF(OR(SwitchTR<>"ON",Universe!$B$1933=""),"",Universe!$B$1933) | ERQ1: =IF(OR(SwitchTR<>"ON",Universe!$B$1934=""),"",Universe!$B$1934) | ERS1: =IF(OR(SwitchTR<>"ON",Universe!$B$1935=""),"",Universe!$B$1935) | ERU1: =IF(OR(SwitchTR<>"ON",Universe!$B$1936=""),"",Universe!$B$1936) | ERW1: =IF(OR(SwitchTR<>"ON",Universe!$B$1937=""),"",Universe!$B$1937) | ERY1: =IF(OR(SwitchTR<>"ON",Universe!$B$1938=""),"",Universe!$B$1938) | ESA1: =IF(OR(SwitchTR<>"ON",Universe!$B$1939=""),"",Universe!$B$1939) | ESC1: =IF(OR(SwitchTR<>"ON",Universe!$B$1940=""),"",Universe!$B$1940) | ESE1: =IF(OR(SwitchTR<>"ON",Universe!$B$1941=""),"",Universe!$B$1941) | ESG1: =IF(OR(SwitchTR<>"ON",Universe!$B$1942=""),"",Universe!$B$1942) | ESI1: =IF(OR(SwitchTR<>"ON",Universe!$B$1943=""),"",Universe!$B$1943) | ESK1: =IF(OR(SwitchTR<>"ON",Universe!$B$1944=""),"",Universe!$B$1944) | ESM1: =IF(OR(SwitchTR<>"ON",Universe!$B$1945=""),"",Universe!$B$1945) | ESO1: =IF(OR(SwitchTR<>"ON",Universe!$B$1946=""),"",Universe!$B$1946) | ESQ1: =IF(OR(SwitchTR<>"ON",Universe!$B$1947=""),"",Universe!$B$1947) | ESS1: =IF(OR(SwitchTR<>"ON",Universe!$B$1948=""),"",Universe!$B$1948) | ESU1: =IF(OR(SwitchTR<>"ON",Universe!$B$1949=""),"",Universe!$B$1949) | ESW1: =IF(OR(SwitchTR<>"ON",Universe!$B$1950=""),"",Universe!$B$1950) | ESY1: =IF(OR(SwitchTR<>"ON",Universe!$B$1951=""),"",Universe!$B$1951) | ETA1: =IF(OR(SwitchTR<>"ON",Universe!$B$1952=""),"",Universe!$B$1952) | ETC1: =IF(OR(SwitchTR<>"ON",Universe!$B$1953=""),"",Universe!$B$1953) | ETE1: =IF(OR(SwitchTR<>"ON",Universe!$B$1954=""),"",Universe!$B$1954) | ETG1: =IF(OR(SwitchTR<>"ON",Universe!$B$1955=""),"",Universe!$B$1955) | ETI1: =IF(OR(SwitchTR<>"ON",Universe!$B$1956=""),"",Universe!$B$1956) | ETK1: =IF(OR(SwitchTR<>"ON",Universe!$B$1957=""),"",Universe!$B$1957) | ETM1: =IF(OR(SwitchTR<>"ON",Universe!$B$1958=""),"",Universe!$B$1958) | ETO1: =IF(OR(SwitchTR<>"ON",Universe!$B$1959=""),"",Universe!$B$1959) | ETQ1: =IF(OR(SwitchTR<>"ON",Universe!$B$1960=""),"",Universe!$B$1960) | ETS1: =IF(OR(SwitchTR<>"ON",Universe!$B$1961=""),"",Universe!$B$1961) | ETU1: =IF(OR(SwitchTR<>"ON",Universe!$B$1962=""),"",Universe!$B$1962) | ETW1: =IF(OR(SwitchTR<>"ON",Universe!$B$1963=""),"",Universe!$B$1963) | ETY1: =IF(OR(SwitchTR<>"ON",Universe!$B$1964=""),"",Universe!$B$1964) | EUA1: =IF(OR(SwitchTR<>"ON",Universe!$B$1965=""),"",Universe!$B$1965) | EUC1: =IF(OR(SwitchTR<>"ON",Universe!$B$1966=""),"",Universe!$B$1966) | EUE1: =IF(OR(SwitchTR<>"ON",Universe!$B$1967=""),"",Universe!$B$1967) | EUG1: =IF(OR(SwitchTR<>"ON",Universe!$B$1968=""),"",Universe!$B$1968) | EUI1: =IF(OR(SwitchTR<>"ON",Universe!$B$1969=""),"",Universe!$B$1969) | EUK1: =IF(OR(SwitchTR<>"ON",Universe!$B$1970=""),"",Universe!$B$1970) | EUM1: =IF(OR(SwitchTR<>"ON",Universe!$B$1971=""),"",Universe!$B$1971) | EUO1: =IF(OR(SwitchTR<>"ON",Universe!$B$1972=""),"",Universe!$B$1972) | EUQ1: =IF(OR(SwitchTR<>"ON",Universe!$B$1973=""),"",Universe!$B$1973) | EUS1: =IF(OR(SwitchTR<>"ON",Universe!$B$1974=""),"",Universe!$B$1974) | EUU1: =IF(OR(SwitchTR<>"ON",Universe!$B$1975=""),"",Universe!$B$1975) | EUW1: =IF(OR(SwitchTR<>"ON",Universe!$B$1976=""),"",Universe!$B$1976) | EUY1: =IF(OR(SwitchTR<>"ON",Universe!$B$1977=""),"",Universe!$B$1977) | EVA1: =IF(OR(SwitchTR<>"ON",Universe!$B$1978=""),"",Universe!$B$1978) | EVC1: =IF(OR(SwitchTR<>"ON",Universe!$B$1979=""),"",Universe!$B$1979) | EVE1: =IF(OR(SwitchTR<>"ON",Universe!$B$1980=""),"",Universe!$B$1980) | EVG1: =IF(OR(SwitchTR<>"ON",Universe!$B$1981=""),"",Universe!$B$1981) | EVI1: =IF(OR(SwitchTR<>"ON",Universe!$B$1982=""),"",Universe!$B$1982) | EVK1: =IF(OR(SwitchTR<>"ON",Universe!$B$1983=""),"",Universe!$B$1983) | EVM1: =IF(OR(SwitchTR<>"ON",Universe!$B$1984=""),"",Universe!$B$1984) | EVO1: =IF(OR(SwitchTR<>"ON",Universe!$B$1985=""),"",Universe!$B$1985) | EVQ1: =IF(OR(SwitchTR<>"ON",Universe!$B$1986=""),"",Universe!$B$1986) | EVS1: =IF(OR(SwitchTR<>"ON",Universe!$B$1987=""),"",Universe!$B$1987) | EVU1: =IF(OR(SwitchTR<>"ON",Universe!$B$1988=""),"",Universe!$B$1988) | EVW1: =IF(OR(SwitchTR<>"ON",Universe!$B$1989=""),"",Universe!$B$1989) | EVY1: =IF(OR(SwitchTR<>"ON",Universe!$B$1990=""),"",Universe!$B$1990) | EWA1: =IF(OR(SwitchTR<>"ON",Universe!$B$1991=""),"",Universe!$B$1991) | EWC1: =IF(OR(SwitchTR<>"ON",Universe!$B$1992=""),"",Universe!$B$1992) | EWE1: =IF(OR(SwitchTR<>"ON",Universe!$B$1993=""),"",Universe!$B$1993) | EWG1: =IF(OR(SwitchTR<>"ON",Universe!$B$1994=""),"",Universe!$B$1994) | EWI1: =IF(OR(SwitchTR<>"ON",Universe!$B$1995=""),"",Universe!$B$1995) | EWK1: =IF(OR(SwitchTR<>"ON",Universe!$B$1996=""),"",Universe!$B$1996) | EWM1: =IF(OR(SwitchTR<>"ON",Universe!$B$1997=""),"",Universe!$B$1997) | EWO1: =IF(OR(SwitchTR<>"ON",Universe!$B$1998=""),"",Universe!$B$1998) | EWQ1: =IF(OR(SwitchTR<>"ON",Universe!$B$1999=""),"",Universe!$B$1999) | EWS1: =IF(OR(SwitchTR<>"ON",Universe!$B$2000=""),"",Universe!$B$2000) | EWU1: =IF(OR(SwitchTR<>"ON",Universe!$B$2001=""),"",Universe!$B$2001)
